Date,Category,Gender,Age,Location,Language,Video Duration,Time most users are viewing
3/9/2022,Jewelry,Male,35,Himachal Pradesh,Gujarati,22,21
7/19/2022,Movies,Female,38,Bihar,Maithili,16,20
6/24/2022,Health,Female,27,Kerala,Konkani,13,15
4/8/2022,Movies,Female,38,Tamil Nadu,Konkani,27,27
1/28/2022,Games,Female,29,Bihar,Dogri,14,14
4/27/2022,Garden,Female,29,Goa,Malayalam,27,19
2/3/2022,Jewelry,Female,18,Odisha,Malayalam,24,24
3/1/2022,Electronics,Female,23,Goa,Urdu,19,0
10/8/2022,Kids,Male,20,Chhattisgarh,Sindhi,16,23
5/25/2022,Baby,Male,18,Punjab,Tamil,25,16
12/16/2022,Grocery,Female,19,Mizoram,Oriya,21,13
11/30/2022,Computers,Male,35,Punjab,Nepali,8,20
11/14/2022,Beauty,Female,33,Dadra and Nagar Haveli,Santali,30,0
10/8/2022,Games,Male,31,Puducherry,Kannada,28,29
11/3/2022,Health,Male,38,Lakshadweep,Nepali,24,3
6/19/2022,Kids,Male,36,Himachal Pradesh,Gujarati,10,12
6/15/2022,Garden,Female,19,Jammu and Kashmir,Kashmiri,10,21
6/2/2022,Baby,Male,37,Goa,Bodo,7,14
12/26/2022,Tools,Female,19,Punjab,Sindhi,17,25
5/18/2022,Clothing,Male,28,Karnataka,English,29,28
2/16/2022,Electronics,Male,25,Puducherry,Sindhi,9,28
3/4/2022,Automotive,Male,33,Telangana,Kashmiri,13,16
2/23/2022,Movies,Male,20,Telangana,Assamese,7,28
3/23/2022,Kids,Female,30,Andaman and Nicobar,Kannada,18,7
5/12/2022,Music,Female,21,Puducherry,Telugu,13,30
4/1/2022,Grocery,Male,24,Jharkhand,Oriya,8,13
7/23/2022,Garden,Male,30,Bihar,English,27,4
4/21/2022,Electronics,Male,18,Arunachal Pradesh,Tamil,5,17
11/22/2022,Computers,Male,29,Odisha,Gujarati,6,10
10/21/2022,Sports,Female,33,Uttarakhand,English,21,21
12/5/2022,Outdoors,Female,21,Tripura,Bangla,10,19
11/2/2022,Baby,Female,26,Karnataka,Malayalam,5,17
3/29/2022,Toys,Male,32,Tamil Nadu,Nepali,9,0
1/16/2022,Beauty,Male,22,Uttarakhand,Bodo,8,6
11/5/2022,Sports,Female,36,Chhattisgarh,English,17,26
9/8/2022,Home,Male,34,Bihar,Telugu,6,5
4/27/2022,Electronics,Male,31,Odisha,English,22,17
7/17/2022,Sports,Male,24,Chhattisgarh,Santali,29,5
6/18/2022,Electronics,Female,26,Jharkhand,Hindi,30,12
11/29/2022,Industrial,Female,31,Delhi,Marathi,27,2
10/14/2022,Toys,Male,31,Puducherry,Nepali,16,6
6/18/2022,Beauty,Female,24,Madhya Pradesh,Nepali,23,16
10/8/2022,Home,Female,40,Nagaland,English,11,3
8/11/2022,Electronics,Female,29,Andaman and Nicobar,Kannada,18,5
2/22/2022,Automotive,Male,31,Haryana,Marathi,23,1
4/24/2022,Garden,Female,20,Jammu and Kashmir,Maithili,10,27
6/6/2022,Automotive,Male,30,Rajasthan,Sindhi,20,28
6/7/2022,Jewelry,Male,39,Delhi,Konkani,12,28
2/13/2022,Kids,Female,23,Himachal Pradesh,Bangla,15,7
8/8/2022,Sports,Male,20,Gujarat,Kannada,6,22
9/22/2022,Clothing,Female,26,Odisha,Marathi,24,15
11/1/2022,Outdoors,Female,36,Goa,Bangla,20,5
6/29/2022,Sports,Female,25,Himachal Pradesh,Dogri,17,5
4/6/2022,Books,Male,30,West Bengal,Tamil,27,1
4/15/2022,Movies,Female,24,Delhi,Assamese,27,7
6/12/2022,Music,Male,34,Uttar Pradesh,Sindhi,13,22
5/25/2022,Clothing,Male,38,Uttar Pradesh,Gujarati,17,30
1/8/2022,Electronics,Male,30,Daman and Diu,Punjabi,7,14
1/25/2022,Jewelry,Female,22,Maharashtra,Kannada,24,2
10/25/2022,Kids,Male,35,Kerala,Malayalam,19,0
12/17/2022,Computers,Female,38,Tripura,Kannada,19,8
6/27/2022,Games,Male,30,Chhattisgarh,Kashmiri,25,2
9/11/2022,Tools,Male,17,Delhi,Telugu,29,1
7/28/2022,Grocery,Female,19,Chhattisgarh,Bangla,9,5
3/28/2022,Baby,Female,25,Jharkhand,Maithili,30,3
8/24/2022,Movies,Female,22,Jharkhand,Bodo,5,10
11/10/2022,Shoes,Male,18,Lakshadweep,Maithili,15,11
7/18/2022,Clothing,Male,24,Puducherry,Dogri,18,5
2/12/2022,Music,Female,30,Arunachal Pradesh,Oriya,28,2
5/16/2022,Toys,Male,19,Chandigarh,Santali,29,5
1/18/2022,Grocery,Male,32,Himachal Pradesh,English,30,14
4/8/2022,Health,Female,26,Haryana,Telugu,14,10
7/3/2022,Jewelry,Male,31,Odisha,Santali,19,26
11/9/2022,Automotive,Female,33,Andaman and Nicobar,Tamil,14,25
1/24/2022,Jewelry,Male,26,Puducherry,Assamese,7,23
1/17/2022,Books,Female,25,Jharkhand,Telugu,15,11
11/20/2022,Baby,Male,22,Madhya Pradesh,Malayalam,26,6
8/26/2022,Beauty,Male,22,Tripura,Nepali,21,4
1/18/2022,Clothing,Female,35,Lakshadweep,Manipuri,25,15
6/22/2022,Baby,Female,19,Nagaland,Kannada,8,20
2/5/2022,Grocery,Female,17,Rajasthan,Tamil,30,1
1/26/2022,Baby,Male,31,Haryana,Punjabi,13,13
6/4/2022,Games,Female,32,Assam,Gujarati,12,1
4/16/2022,Health,Male,36,Goa,Urdu,7,25
7/13/2022,Books,Female,17,Odisha,Urdu,25,24
10/17/2022,Toys,Male,19,Delhi,Sindhi,29,24
5/5/2022,Baby,Female,38,Nagaland,Marathi,19,14
4/8/2022,Industrial,Male,35,Assam,Manipuri,25,3
12/26/2022,Electronics,Female,22,Goa,Santali,22,17
4/13/2022,Toys,Female,29,Delhi,Punjabi,25,20
1/7/2022,Electronics,Female,23,Karnataka,Oriya,13,10
12/22/2022,Health,Female,27,Goa,Oriya,6,19
11/13/2022,Shoes,Female,31,Karnataka,Telugu,8,24
9/21/2022,Kids,Male,23,Assam,Kashmiri,9,7
8/31/2022,Industrial,Female,21,Andaman and Nicobar,Maithili,17,30
7/21/2022,Electronics,Female,30,Chandigarh,Telugu,9,3
1/11/2022,Tools,Male,21,Jharkhand,Hindi,20,16
4/8/2022,Grocery,Female,33,Daman and Diu,Santali,20,4
12/24/2022,Electronics,Female,40,Chandigarh,Tamil,28,15
9/17/2022,Computers,Male,25,Daman and Diu,Bangla,12,11
10/19/2022,Toys,Female,21,Delhi,Nepali,30,10
4/20/2022,Grocery,Male,28,Tamil Nadu,Kashmiri,29,20
12/3/2022,Games,Female,30,Puducherry,Punjabi,21,20
8/10/2022,Electronics,Male,40,Madhya Pradesh,Oriya,27,3
10/8/2022,Computers,Male,40,Andhra Pradesh,Nepali,18,22
12/28/2022,Industrial,Male,34,Himachal Pradesh,Telugu,23,22
5/1/2022,Toys,Female,22,Arunachal Pradesh,Marathi,28,27
4/25/2022,Automotive,Male,31,Odisha,Hindi,28,9
9/23/2022,Computers,Female,27,Himachal Pradesh,Urdu,20,9
5/8/2022,Sports,Male,39,Kerala,Tamil,17,12
2/6/2022,Shoes,Male,31,Manipur,Tamil,24,18
10/7/2022,Garden,Female,36,Gujarat,Oriya,13,18
12/11/2022,Industrial,Female,23,Chhattisgarh,Oriya,29,2
10/8/2022,Jewelry,Female,20,Bihar,Manipuri,26,6
8/28/2022,Industrial,Female,38,Sikkim,Konkani,9,29
10/18/2022,Clothing,Female,38,Bihar,Konkani,25,7
6/9/2022,Outdoors,Female,22,Assam,Telugu,7,9
7/7/2022,Sports,Male,26,Sikkim,Nepali,27,3
5/18/2022,Jewelry,Male,18,Meghalaya,Assamese,24,18
9/7/2022,Computers,Female,36,Himachal Pradesh,Kashmiri,29,23
5/16/2022,Automotive,Male,16,Jharkhand,Dogri,30,11
8/6/2022,Kids,Male,16,Uttar Pradesh,Assamese,23,10
10/8/2022,Shoes,Female,17,Tamil Nadu,Sindhi,16,1
11/27/2022,Kids,Male,39,Uttarakhand,Dogri,14,11
7/12/2022,Books,Male,36,Mizoram,Hindi,25,28
12/22/2022,Kids,Female,20,Telangana,Maithili,12,15
5/30/2022,Jewelry,Male,31,Jharkhand,Bangla,7,30
3/29/2022,Grocery,Female,22,Daman and Diu,Bangla,7,17
3/7/2022,Clothing,Male,26,Punjab,Gujarati,27,15
6/2/2022,Sports,Male,37,West Bengal,Gujarati,22,11
4/30/2022,Books,Male,23,Uttarakhand,Urdu,18,8
5/1/2022,Computers,Male,40,Assam,Bodo,17,15
6/9/2022,Outdoors,Female,27,Kerala,Oriya,8,21
10/19/2022,Automotive,Male,28,Uttar Pradesh,Maithili,27,21
1/6/2022,Shoes,Female,18,Punjab,Bodo,19,23
1/12/2022,Sports,Male,29,Meghalaya,Dogri,12,19
4/28/2022,Home,Male,35,West Bengal,Hindi,28,5
8/19/2022,Health,Male,20,West Bengal,Maithili,21,9
8/26/2022,Music,Female,17,Manipur,Sindhi,11,13
9/24/2022,Movies,Female,29,Tripura,Malayalam,11,23
7/25/2022,Outdoors,Female,29,Tripura,Konkani,14,12
2/13/2022,Books,Male,36,Tripura,Konkani,15,20
12/24/2022,Kids,Male,31,Telangana,Malayalam,22,10
1/27/2022,Kids,Male,18,Tamil Nadu,Santali,11,11
2/15/2022,Industrial,Female,40,Karnataka,Assamese,13,5
5/17/2022,Kids,Male,29,Uttar Pradesh,Manipuri,22,6
3/13/2022,Outdoors,Male,17,West Bengal,Dogri,6,28
12/3/2022,Movies,Male,30,Karnataka,Santali,6,19
5/21/2022,Books,Male,18,Jammu and Kashmir,Marathi,22,21
7/16/2022,Garden,Male,21,Bihar,Kashmiri,24,8
1/1/2022,Baby,Male,33,Daman and Diu,Nepali,6,29
12/2/2022,Automotive,Male,16,Tamil Nadu,Nepali,22,19
8/13/2022,Tools,Male,19,Uttar Pradesh,Dogri,20,11
3/1/2022,Shoes,Female,27,Telangana,Konkani,17,6
12/25/2022,Books,Female,40,Tamil Nadu,Maithili,11,29
10/19/2022,Shoes,Male,32,Jammu and Kashmir,Urdu,23,12
11/13/2022,Music,Male,26,Himachal Pradesh,Konkani,26,1
3/24/2022,Kids,Female,19,Rajasthan,Bodo,12,28
6/24/2022,Garden,Female,26,Mizoram,Urdu,6,29
4/18/2022,Computers,Female,40,Punjab,Oriya,16,20
11/29/2022,Baby,Male,32,Arunachal Pradesh,Maithili,6,21
8/21/2022,Kids,Male,40,Kerala,Oriya,27,9
4/16/2022,Home,Female,40,Manipur,Urdu,19,5
12/14/2022,Movies,Male,33,Assam,Gujarati,28,19
8/25/2022,Baby,Female,18,Uttar Pradesh,Telugu,8,18
4/30/2022,Baby,Male,35,Chhattisgarh,Oriya,17,1
10/21/2022,Baby,Male,37,Mizoram,Assamese,6,10
3/5/2022,Clothing,Female,39,Odisha,Maithili,9,22
11/19/2022,Computers,Female,29,Punjab,Telugu,20,24
7/12/2022,Games,Female,22,Rajasthan,Assamese,27,3
6/2/2022,Outdoors,Male,27,Punjab,Marathi,17,26
10/29/2022,Outdoors,Female,37,Jammu and Kashmir,Kashmiri,24,6
5/14/2022,Grocery,Female,29,Meghalaya,Sindhi,19,28
11/9/2022,Outdoors,Male,25,Chhattisgarh,Oriya,12,13
1/27/2022,Jewelry,Male,37,Haryana,Kashmiri,18,28
12/7/2022,Kids,Female,18,Goa,Dogri,23,20
8/19/2022,Industrial,Female,19,Tripura,Bangla,9,16
9/8/2022,Games,Male,36,Gujarat,Bangla,30,24
7/31/2022,Music,Female,29,Sikkim,Marathi,6,22
7/4/2022,Automotive,Male,21,Maharashtra,English,22,1
10/18/2022,Health,Male,18,Nagaland,Marathi,10,27
2/3/2022,Books,Male,33,Uttarakhand,Malayalam,29,30
10/5/2022,Baby,Female,16,Gujarat,Santali,22,16
3/25/2022,Sports,Male,26,Punjab,Tamil,25,4
6/24/2022,Clothing,Female,26,Uttarakhand,Bangla,8,30
2/2/2022,Computers,Male,33,Tripura,Sindhi,8,11
6/24/2022,Home,Male,39,Chandigarh,Konkani,13,7
8/17/2022,Automotive,Male,38,Uttarakhand,Nepali,22,6
1/14/2022,Music,Female,33,Uttar Pradesh,Dogri,28,10
4/18/2022,Toys,Female,30,Telangana,Konkani,11,16
8/10/2022,Music,Female,35,Andaman and Nicobar,Telugu,17,11
3/24/2022,Games,Male,37,Himachal Pradesh,Malayalam,8,16
3/20/2022,Games,Male,20,Arunachal Pradesh,Kannada,30,28
6/3/2022,Shoes,Female,22,Madhya Pradesh,Assamese,21,16
3/12/2022,Industrial,Female,28,Chandigarh,Manipuri,30,19
3/9/2022,Music,Female,26,Manipur,Punjabi,13,24
1/19/2022,Tools,Female,25,Andaman and Nicobar,Nepali,26,6
5/22/2022,Shoes,Male,24,Odisha,Malayalam,7,7
6/22/2022,Grocery,Male,37,Jharkhand,Sindhi,15,28
7/29/2022,Health,Male,18,Maharashtra,Urdu,19,20
8/7/2022,Baby,Female,34,West Bengal,Marathi,16,0
6/1/2022,Games,Male,21,Telangana,Dogri,23,7
5/2/2022,Tools,Female,20,Delhi,Santali,30,30
12/3/2022,Shoes,Male,37,Dadra and Nagar Haveli,Kannada,12,14
7/22/2022,Garden,Female,33,Daman and Diu,Punjabi,10,11
8/2/2022,Home,Male,31,Madhya Pradesh,Dogri,8,5
1/6/2022,Tools,Male,22,Puducherry,Maithili,23,3
2/16/2022,Clothing,Female,28,Arunachal Pradesh,Kashmiri,27,0
3/18/2022,Health,Male,16,Himachal Pradesh,Sindhi,5,5
2/20/2022,Games,Female,38,Himachal Pradesh,Nepali,25,12
12/17/2022,Clothing,Male,29,Tamil Nadu,Maithili,7,13
6/24/2022,Jewelry,Male,38,Telangana,Santali,21,0
9/23/2022,Health,Male,36,Madhya Pradesh,Bodo,30,16
6/29/2022,Kids,Female,25,Lakshadweep,Maithili,24,15
10/12/2022,Music,Male,25,Madhya Pradesh,Bangla,21,5
5/24/2022,Industrial,Male,33,Delhi,Bangla,16,24
11/17/2022,Music,Male,31,Bihar,English,6,2
3/21/2022,Computers,Male,34,Tamil Nadu,Assamese,8,27
7/17/2022,Toys,Female,37,Nagaland,Telugu,26,10
11/22/2022,Movies,Male,30,Punjab,Maithili,29,8
9/9/2022,Computers,Female,26,Chandigarh,Nepali,11,5
6/10/2022,Industrial,Female,28,Maharashtra,Oriya,26,10
6/30/2022,Grocery,Male,31,Meghalaya,Urdu,23,27
4/29/2022,Garden,Female,37,Assam,Konkani,17,24
10/4/2022,Electronics,Female,18,Goa,Konkani,18,7
4/18/2022,Books,Male,16,Punjab,Bodo,19,8
5/7/2022,Beauty,Male,18,Sikkim,Kashmiri,18,3
8/2/2022,Shoes,Male,31,Uttar Pradesh,Konkani,23,14
7/13/2022,Electronics,Female,22,Maharashtra,Dogri,19,24
12/20/2022,Baby,Male,38,Gujarat,Hindi,30,30
5/23/2022,Kids,Male,40,Goa,English,21,30
3/2/2022,Health,Female,34,Rajasthan,Bodo,29,9
2/21/2022,Beauty,Female,33,Jammu and Kashmir,Hindi,6,4
3/10/2022,Movies,Male,34,West Bengal,Oriya,20,4
9/11/2022,Computers,Male,38,Tamil Nadu,Gujarati,24,17
2/12/2022,Jewelry,Male,28,Chhattisgarh,Punjabi,10,15
10/22/2022,Games,Male,38,Sikkim,Manipuri,18,21
2/5/2022,Garden,Male,32,Telangana,Tamil,10,27
10/14/2022,Baby,Female,29,Chandigarh,Kashmiri,18,29
5/18/2022,Grocery,Male,40,Sikkim,Tamil,15,3
9/1/2022,Outdoors,Male,31,Assam,Urdu,18,29
8/9/2022,Beauty,Male,28,Dadra and Nagar Haveli,Konkani,17,24
1/21/2022,Jewelry,Female,31,Punjab,Manipuri,18,13
9/5/2022,Grocery,Male,24,Dadra and Nagar Haveli,Tamil,26,20
8/28/2022,Kids,Female,27,Arunachal Pradesh,Marathi,15,22
1/2/2022,Movies,Female,22,Daman and Diu,Gujarati,12,2
3/10/2022,Electronics,Female,34,Madhya Pradesh,Bangla,12,16
3/25/2022,Music,Male,39,Madhya Pradesh,Marathi,14,25
5/26/2022,Industrial,Female,24,Odisha,Assamese,30,17
7/6/2022,Garden,Male,17,Daman and Diu,Bangla,8,20
7/27/2022,Jewelry,Male,38,Haryana,Santali,5,8
12/6/2022,Computers,Female,38,Puducherry,Bodo,26,30
6/18/2022,Kids,Male,39,Daman and Diu,Tamil,6,15
9/25/2022,Beauty,Female,24,Rajasthan,Kashmiri,27,6
10/18/2022,Jewelry,Male,36,Maharashtra,Nepali,19,0
7/15/2022,Health,Female,32,Kerala,Urdu,23,15
3/10/2022,Jewelry,Female,31,Andaman and Nicobar,Oriya,6,25
5/24/2022,Movies,Male,40,Goa,Telugu,26,11
12/12/2022,Outdoors,Female,22,Meghalaya,Bangla,25,14
3/29/2022,Clothing,Female,30,Gujarat,Assamese,10,2
7/14/2022,Games,Female,35,Delhi,English,6,12
12/11/2022,Industrial,Male,23,Uttarakhand,Bodo,30,23
9/8/2022,Sports,Female,27,Telangana,Kannada,22,9
9/16/2022,Games,Male,22,Nagaland,Hindi,8,26
4/11/2022,Tools,Female,34,Chhattisgarh,Marathi,28,5
12/25/2022,Outdoors,Male,26,Arunachal Pradesh,Gujarati,28,14
3/8/2022,Sports,Female,27,West Bengal,Punjabi,13,15
8/15/2022,Jewelry,Male,39,West Bengal,Konkani,7,10
7/18/2022,Tools,Female,30,Uttarakhand,Dogri,28,9
2/10/2022,Home,Male,25,Odisha,Sindhi,21,21
10/11/2022,Games,Female,27,Karnataka,Marathi,30,24
7/5/2022,Beauty,Female,33,Himachal Pradesh,Maithili,12,17
10/6/2022,Computers,Male,19,Chhattisgarh,Dogri,26,9
5/18/2022,Automotive,Male,21,Daman and Diu,Dogri,5,2
2/15/2022,Health,Male,22,West Bengal,Kashmiri,15,20
10/19/2022,Movies,Male,33,Manipur,Manipuri,14,10
9/1/2022,Sports,Male,33,Kerala,Konkani,7,21
8/5/2022,Shoes,Female,18,Jammu and Kashmir,Oriya,18,27
5/20/2022,Automotive,Female,33,Assam,Konkani,13,14
11/25/2022,Books,Male,33,Manipur,Hindi,10,8
7/19/2022,Beauty,Male,16,Delhi,Hindi,29,20
12/26/2022,Movies,Male,17,Meghalaya,Assamese,26,16
1/6/2022,Clothing,Female,16,Tripura,Bangla,20,21
12/27/2022,Computers,Female,31,Gujarat,Kashmiri,15,8
4/2/2022,Kids,Male,38,Telangana,Sindhi,21,21
9/19/2022,Garden,Male,29,Dadra and Nagar Haveli,Kashmiri,14,22
7/9/2022,Tools,Male,37,Rajasthan,Sindhi,14,17
6/17/2022,Games,Male,27,Tripura,Tamil,27,27
6/11/2022,Shoes,Female,19,Punjab,Oriya,7,21
10/11/2022,Electronics,Male,26,Lakshadweep,Dogri,13,4
8/24/2022,Home,Male,32,Arunachal Pradesh,Urdu,30,27
9/9/2022,Health,Male,38,Uttarakhand,Hindi,5,1
11/18/2022,Grocery,Male,37,Daman and Diu,Nepali,20,3
9/23/2022,Garden,Male,32,Karnataka,Urdu,8,19
4/7/2022,Automotive,Female,17,Mizoram,Sindhi,22,25
10/9/2022,Tools,Male,28,Meghalaya,Assamese,24,15
8/21/2022,Industrial,Male,17,Uttar Pradesh,Maithili,18,29
4/18/2022,Music,Male,30,Dadra and Nagar Haveli,Hindi,13,26
7/10/2022,Kids,Female,34,Jharkhand,English,9,26
6/22/2022,Baby,Male,18,Lakshadweep,English,28,28
5/11/2022,Shoes,Male,31,Uttarakhand,Maithili,5,2
2/26/2022,Health,Male,38,Haryana,Oriya,7,20
9/2/2022,Kids,Male,32,Himachal Pradesh,Urdu,18,26
5/13/2022,Electronics,Female,24,West Bengal,Kashmiri,16,1
1/18/2022,Grocery,Male,29,Puducherry,Santali,30,15
11/5/2022,Garden,Female,34,Meghalaya,Malayalam,21,6
7/2/2022,Outdoors,Male,17,Andaman and Nicobar,Kashmiri,6,16
7/4/2022,Toys,Male,39,Mizoram,Konkani,17,18
6/18/2022,Jewelry,Male,40,Daman and Diu,Bodo,14,20
10/27/2022,Clothing,Female,16,Lakshadweep,Kashmiri,27,5
11/12/2022,Garden,Female,38,Jammu and Kashmir,Kashmiri,30,30
5/13/2022,Jewelry,Female,20,Meghalaya,Maithili,23,5
3/9/2022,Clothing,Female,37,Dadra and Nagar Haveli,Konkani,30,25
9/6/2022,Automotive,Male,35,Telangana,Dogri,25,2
11/5/2022,Sports,Female,27,Mizoram,Assamese,9,13
3/23/2022,Shoes,Male,20,Manipur,Punjabi,27,7
11/10/2022,Beauty,Male,31,Jammu and Kashmir,Telugu,14,9
11/6/2022,Kids,Male,24,Andhra Pradesh,Kannada,5,3
7/2/2022,Automotive,Female,39,Delhi,Tamil,14,29
6/18/2022,Electronics,Male,33,Mizoram,Assamese,17,21
5/17/2022,Music,Female,21,Uttar Pradesh,Maithili,17,16
9/23/2022,Baby,Male,17,Karnataka,Manipuri,27,1
6/9/2022,Tools,Male,30,Andaman and Nicobar,Urdu,27,25
12/14/2022,Garden,Female,34,Puducherry,Kashmiri,22,12
11/8/2022,Games,Male,30,Daman and Diu,Bodo,7,19
7/2/2022,Garden,Female,28,Karnataka,Kannada,18,27
7/14/2022,Music,Male,23,Daman and Diu,Marathi,17,12
3/11/2022,Clothing,Male,27,Sikkim,Oriya,27,26
12/23/2022,Garden,Female,36,Bihar,Punjabi,18,9
7/5/2022,Clothing,Male,21,Punjab,Oriya,27,6
4/9/2022,Music,Male,29,Manipur,English,22,18
6/28/2022,Electronics,Male,34,Uttarakhand,Nepali,7,14
5/24/2022,Automotive,Female,17,Delhi,Manipuri,15,15
4/5/2022,Industrial,Female,32,Jammu and Kashmir,Manipuri,26,9
4/27/2022,Kids,Male,17,Meghalaya,Telugu,28,18
6/29/2022,Baby,Male,17,Telangana,Manipuri,11,13
7/29/2022,Beauty,Female,40,Chandigarh,Kannada,30,21
2/13/2022,Home,Female,23,Assam,Kannada,5,16
2/7/2022,Sports,Female,33,Jharkhand,Urdu,12,27
10/17/2022,Grocery,Male,22,Madhya Pradesh,Maithili,19,18
9/13/2022,Shoes,Female,29,Nagaland,English,23,18
2/25/2022,Computers,Male,28,Meghalaya,Kannada,6,26
7/27/2022,Industrial,Male,17,Maharashtra,English,16,17
6/28/2022,Automotive,Male,30,Arunachal Pradesh,Bangla,27,18
6/14/2022,Music,Female,32,Jharkhand,Maithili,19,21
8/13/2022,Garden,Female,34,Uttar Pradesh,Bodo,8,30
11/24/2022,Computers,Male,25,Assam,Kashmiri,19,17
11/18/2022,Jewelry,Female,38,Delhi,English,30,29
1/25/2022,Books,Male,36,Telangana,Sindhi,6,15
3/12/2022,Industrial,Male,25,Bihar,Oriya,20,0
3/7/2022,Electronics,Female,28,Dadra and Nagar Haveli,Marathi,6,4
9/12/2022,Electronics,Female,25,Arunachal Pradesh,Santali,12,27
4/8/2022,Toys,Female,22,Karnataka,Kannada,7,17
1/5/2022,Beauty,Female,40,Mizoram,Maithili,16,0
8/17/2022,Jewelry,Female,36,Chandigarh,Urdu,14,10
10/28/2022,Grocery,Female,31,Gujarat,Maithili,24,27
9/29/2022,Baby,Male,31,Chandigarh,Telugu,9,4
12/17/2022,Movies,Female,35,Himachal Pradesh,Sindhi,7,8
3/14/2022,Electronics,Male,37,Andhra Pradesh,Sindhi,23,17
5/27/2022,Music,Male,25,Andaman and Nicobar,Oriya,22,28
6/1/2022,Industrial,Female,17,Kerala,Kashmiri,6,24
3/2/2022,Industrial,Male,31,Odisha,Bangla,30,10
2/27/2022,Automotive,Male,19,Madhya Pradesh,Telugu,10,7
9/22/2022,Beauty,Male,23,Tamil Nadu,Dogri,11,3
7/12/2022,Health,Male,29,Daman and Diu,English,14,8
4/28/2022,Industrial,Male,26,Tripura,Dogri,20,18
5/22/2022,Toys,Male,39,Andaman and Nicobar,Kashmiri,25,14
4/19/2022,Movies,Male,36,Karnataka,Assamese,6,19
9/21/2022,Music,Female,25,Tamil Nadu,Assamese,26,30
9/19/2022,Jewelry,Male,22,Andhra Pradesh,Dogri,21,29
8/30/2022,Automotive,Male,29,Manipur,Bangla,13,2
8/2/2022,Tools,Male,39,West Bengal,Punjabi,10,29
8/4/2022,Industrial,Male,25,Arunachal Pradesh,Gujarati,23,9
5/6/2022,Kids,Female,36,Karnataka,Bangla,26,3
10/18/2022,Jewelry,Female,38,Puducherry,English,30,21
8/15/2022,Electronics,Female,26,Andaman and Nicobar,Oriya,18,14
10/8/2022,Health,Male,32,Andaman and Nicobar,Bangla,17,25
9/27/2022,Beauty,Female,22,Meghalaya,Konkani,19,25
2/12/2022,Music,Male,24,Rajasthan,Marathi,27,13
9/28/2022,Outdoors,Female,16,Puducherry,Punjabi,5,1
1/29/2022,Beauty,Male,30,Telangana,Tamil,24,21
6/3/2022,Electronics,Female,35,Manipur,Urdu,16,19
7/8/2022,Garden,Female,37,Odisha,Telugu,12,4
11/1/2022,Tools,Male,23,Haryana,Dogri,30,24
10/25/2022,Games,Female,21,Chhattisgarh,Assamese,9,4
8/17/2022,Sports,Female,22,Manipur,Sindhi,8,1
6/12/2022,Kids,Male,38,Meghalaya,Oriya,17,27
6/7/2022,Books,Female,16,Himachal Pradesh,Assamese,21,23
2/11/2022,Outdoors,Male,20,Assam,Maithili,15,23
6/21/2022,Toys,Male,22,Kerala,Bodo,9,7
8/21/2022,Automotive,Female,22,Mizoram,Maithili,14,10
9/23/2022,Movies,Female,28,Rajasthan,Bangla,19,6
11/24/2022,Games,Female,25,Rajasthan,Marathi,19,9
1/14/2022,Shoes,Male,26,Manipur,Hindi,11,17
7/10/2022,Electronics,Female,24,Jharkhand,Malayalam,8,21
5/9/2022,Automotive,Male,18,Gujarat,Gujarati,8,10
4/6/2022,Jewelry,Female,38,Tripura,Dogri,28,17
9/23/2022,Outdoors,Female,24,Rajasthan,Dogri,17,3
12/11/2022,Industrial,Male,30,Andhra Pradesh,Telugu,11,28
4/20/2022,Baby,Male,26,Andaman and Nicobar,Urdu,19,11
1/15/2022,Grocery,Male,26,Chandigarh,Assamese,30,9
1/24/2022,Clothing,Male,32,Himachal Pradesh,Konkani,26,30
2/8/2022,Clothing,Male,16,Rajasthan,Hindi,14,24
11/27/2022,Games,Female,39,West Bengal,Assamese,11,4
7/4/2022,Electronics,Male,29,Tamil Nadu,Konkani,5,1
5/30/2022,Baby,Female,34,Rajasthan,Tamil,17,16
6/1/2022,Games,Male,19,Bihar,Telugu,6,1
6/27/2022,Garden,Male,36,Madhya Pradesh,Kashmiri,30,26
4/1/2022,Music,Male,22,Assam,Bangla,5,21
1/11/2022,Garden,Female,32,Jharkhand,Dogri,15,25
2/23/2022,Games,Female,18,Bihar,Assamese,11,20
12/2/2022,Home,Female,34,Chandigarh,Konkani,26,1
5/18/2022,Games,Female,16,Puducherry,Sindhi,22,28
3/29/2022,Movies,Male,40,Telangana,Maithili,14,24
3/11/2022,Music,Female,33,Haryana,Bodo,5,23
12/14/2022,Games,Female,24,Kerala,Gujarati,7,19
6/20/2022,Toys,Male,16,Punjab,Tamil,8,25
7/24/2022,Industrial,Male,38,Maharashtra,Tamil,26,20
6/20/2022,Electronics,Female,38,Andaman and Nicobar,Gujarati,9,23
3/27/2022,Beauty,Male,39,Telangana,Kannada,30,18
11/9/2022,Movies,Female,39,Manipur,Konkani,24,15
2/1/2022,Garden,Male,20,Haryana,Santali,24,16
7/3/2022,Sports,Female,22,Delhi,Tamil,20,29
10/27/2022,Kids,Female,37,Chandigarh,Hindi,9,29
10/9/2022,Electronics,Male,32,Odisha,Bodo,25,8
3/22/2022,Kids,Female,40,Uttarakhand,Manipuri,16,3
6/28/2022,Kids,Female,25,Assam,Santali,6,14
4/21/2022,Beauty,Male,40,Bihar,Punjabi,9,10
3/1/2022,Toys,Male,19,Tamil Nadu,Manipuri,22,0
11/14/2022,Tools,Male,20,Rajasthan,English,21,12
5/6/2022,Sports,Female,16,Telangana,Konkani,16,7
12/9/2022,Electronics,Male,40,Andhra Pradesh,Maithili,23,5
7/17/2022,Music,Female,29,Puducherry,Assamese,11,21
3/4/2022,Books,Female,39,Assam,Hindi,8,14
11/15/2022,Music,Female,20,Rajasthan,Kashmiri,15,3
9/10/2022,Games,Male,38,Uttar Pradesh,English,27,13
4/26/2022,Sports,Male,17,Andaman and Nicobar,Urdu,25,22
7/1/2022,Garden,Male,26,Bihar,Santali,21,24
3/27/2022,Home,Female,31,Arunachal Pradesh,Konkani,5,21
2/7/2022,Shoes,Male,28,Madhya Pradesh,Konkani,10,28
2/19/2022,Computers,Male,24,Sikkim,Manipuri,30,17
1/5/2022,Clothing,Male,36,Telangana,Tamil,9,10
3/15/2022,Beauty,Male,31,Sikkim,Malayalam,13,16
3/13/2022,Computers,Male,23,Himachal Pradesh,Gujarati,8,26
4/9/2022,Books,Female,40,Kerala,Bangla,6,22
5/11/2022,Shoes,Female,25,Himachal Pradesh,Nepali,29,18
5/14/2022,Home,Female,38,Himachal Pradesh,Marathi,14,30
3/25/2022,Music,Male,36,Nagaland,Hindi,5,21
2/26/2022,Garden,Male,26,Puducherry,Nepali,27,19
5/17/2022,Shoes,Male,27,Uttar Pradesh,Kashmiri,25,12
5/2/2022,Garden,Male,33,Kerala,Punjabi,24,23
12/7/2022,Shoes,Male,27,Maharashtra,Punjabi,26,13
4/4/2022,Health,Male,27,Telangana,Gujarati,17,19
3/15/2022,Electronics,Male,26,Chhattisgarh,Oriya,16,9
2/5/2022,Industrial,Male,29,Gujarat,Bodo,30,24
5/4/2022,Computers,Male,21,Dadra and Nagar Haveli,Telugu,23,14
1/6/2022,Shoes,Female,22,Andhra Pradesh,Gujarati,24,7
7/8/2022,Games,Female,39,Meghalaya,Oriya,17,12
3/14/2022,Toys,Female,27,Tripura,Bangla,15,11
8/22/2022,Jewelry,Female,23,Dadra and Nagar Haveli,Nepali,15,20
7/8/2022,Books,Female,28,Andaman and Nicobar,Marathi,25,15
12/20/2022,Outdoors,Male,38,Assam,Telugu,5,20
10/1/2022,Clothing,Male,37,Sikkim,Sindhi,17,8
7/27/2022,Computers,Female,20,Karnataka,Sindhi,20,13
4/7/2022,Toys,Male,20,Telangana,Tamil,27,10
6/11/2022,Computers,Female,35,Gujarat,Dogri,17,30
1/30/2022,Automotive,Male,26,Tripura,Kannada,16,17
12/5/2022,Outdoors,Female,32,Andaman and Nicobar,Gujarati,18,13
2/4/2022,Kids,Female,35,Haryana,Tamil,19,13
2/14/2022,Computers,Female,34,Manipur,Maithili,27,28
6/14/2022,Industrial,Female,34,Maharashtra,English,15,6
7/4/2022,Home,Female,27,Mizoram,Malayalam,28,12
4/2/2022,Jewelry,Male,25,Sikkim,Assamese,15,15
12/18/2022,Baby,Female,16,Chhattisgarh,Bodo,15,9
1/15/2022,Beauty,Female,37,Maharashtra,Oriya,13,17
2/26/2022,Automotive,Male,35,Sikkim,Kashmiri,18,22
9/4/2022,Jewelry,Female,21,West Bengal,English,12,2
10/11/2022,Movies,Female,25,Uttar Pradesh,Urdu,14,28
4/15/2022,Industrial,Female,33,Madhya Pradesh,Marathi,24,30
4/29/2022,Beauty,Female,17,Punjab,Bodo,10,26
6/27/2022,Shoes,Female,31,Gujarat,Bodo,6,3
11/25/2022,Home,Female,18,West Bengal,Oriya,28,12
10/4/2022,Grocery,Male,33,Delhi,Punjabi,10,2
4/17/2022,Grocery,Female,40,Uttar Pradesh,Kashmiri,7,8
4/5/2022,Games,Male,26,West Bengal,Bodo,10,12
8/18/2022,Music,Female,32,Punjab,English,26,12
10/26/2022,Tools,Male,40,Goa,Oriya,14,15
1/31/2022,Sports,Female,36,Arunachal Pradesh,Bangla,10,30
9/26/2022,Movies,Male,18,Jammu and Kashmir,Hindi,9,6
6/28/2022,Clothing,Female,30,Puducherry,Kannada,28,9
7/23/2022,Shoes,Male,21,Himachal Pradesh,Kashmiri,24,20
10/20/2022,Books,Male,31,Goa,Konkani,19,30
11/15/2022,Games,Female,40,Karnataka,Punjabi,23,22
7/18/2022,Books,Male,26,Tripura,Tamil,21,7
6/4/2022,Garden,Male,28,Delhi,Urdu,18,12
3/21/2022,Music,Female,39,Himachal Pradesh,Kashmiri,29,23
4/10/2022,Toys,Male,29,Nagaland,English,15,1
3/28/2022,Shoes,Male,38,Madhya Pradesh,Punjabi,21,1
3/5/2022,Computers,Female,18,Dadra and Nagar Haveli,Manipuri,8,1
5/11/2022,Automotive,Male,20,Chhattisgarh,Nepali,27,6
