Month,Category,Time most users are viewing,Location with km radius ,Gender,Age,Language,Video Duration,Video quality
2,Automotive,14.08,893,Male,26,Assamese,0.8,1080
8,Electronics,24.31,645,Genderqueer,35,Malayalam,8.46,1080
5,Beauty,15.4,185,Non-binary,17,Marathi,6.3,1080
1,Music,21.86,565,Male,25,Bislama,5.25,1080
2,Computers,5.94,731,Male,27,Tetum,29.5,1080
6,Beauty,7.52,928,Female,29,Bulgarian,24.34,1080
4,Tools,23.69,207,Male,18,Latvian,3.92,1080
5,Beauty,20.14,822,Female,17,Kurdish,4.23,1080
4,Games,13.88,542,Female,24,Albanian,19.4,1080
5,Games,16.81,872,Male,30,Kurdish,14.24,1080
10,Jewelry,22.68,499,Female,18,Khmer,3.99,1080
2,Clothing,17.64,411,Male,16,Dhivehi,7.82,1080
1,Sports,22.25,588,Female,18,Indonesian,15.54,1080
10,Sports,21.97,396,Non-binary,34,Thai,21.29,1080
12,Baby,12.67,673,Female,25,Marathi,7.03,1080
6,Computers,3.72,766,Female,33,Oriya,9.87,1080
4,Garden,22.13,9,Female,24,Māori,13,1080
6,Garden,27.26,214,Female,21,Japanese,15.92,1080
6,Automotive,0.36,133,Female,17,Danish,8.16,1080
4,Books,22.2,881,Male,27,Bulgarian,0.04,1080
12,Baby,27.14,454,Female,33,Lao,4.68,1080
4,Industrial,16.8,576,Male,38,Spanish,24.11,1080
12,Electronics,22.96,611,Male,21,Swahili,25.81,1080
11,Toys,28.43,60,Polygender,40,Belarusian,25.27,1080
6,Garden,26.68,569,Male,18,Tsonga,22.84,1080
8,Outdoors,22.83,941,Female,31,Swedish,28.76,1080
10,Shoes,11.47,889,Female,16,Swati,21.57,1080
11,Electronics,15.14,912,Female,29,Kannada,0.55,1080
7,Shoes,1.86,416,Female,38,Kurdish,27.84,1080
8,Kids,28.71,806,Female,18,Hiri Motu,20.62,1080
1,Kids,22.92,539,Female,21,Amharic,13.27,1080
9,Music,13,986,Agender,33,Icelandic,19.36,1080
6,Computers,6.09,292,Polygender,18,Kashmiri,27.46,1080
4,Kids,8.2,238,Bigender,25,Tajik,0.4,1080
7,Sports,25.78,136,Male,37,Korean,4.1,1080
9,Kids,14.86,482,Male,30,Gujarati,11.18,1080
5,Kids,1.14,388,Female,25,German,24.5,1080
5,Jewelry,25.46,412,Male,33,Assamese,3.41,1080
6,Baby,24.81,435,Female,24,Indonesian,9.3,1080
3,Garden,13.19,659,Male,26,West Frisian,16.64,1080
7,Health,16.48,285,Genderqueer,30,West Frisian,25.3,1080
12,Beauty,21.01,630,Female,21,Thai,12.27,1080
9,Home,15.71,794,Female,29,Somali,17.89,1080
4,Automotive,23.4,92,Male,32,Moldovan,3.43,1080
10,Movies,9.66,984,Female,39,Marathi,22.59,1080
9,Toys,1.13,362,Male,34,French,10.23,1080
3,Sports,9.74,219,Male,22,Arabic,3.28,1080
9,Beauty,27.65,691,Female,39,Hebrew,22.26,1080
4,Electronics,19.89,354,Male,34,Persian,19.16,1080
2,Movies,27.1,513,Male,33,Bislama,5.27,1080
5,Movies,0.74,843,Male,22,French,5.72,1080
9,Books,14.92,751,Male,32,Swedish,26.92,1080
10,Garden,16.95,751,Female,40,Burmese,28.23,1080
11,Baby,7.23,473,Male,31,Estonian,26.92,1080
7,Clothing,10.95,497,Female,29,Irish Gaelic,26.65,1080
6,Garden,13.27,264,Female,32,Hiri Motu,21.06,1080
1,Home,8.03,204,Male,40,Swedish,10.42,1080
5,Baby,23.26,903,Female,30,Luxembourgish,8.32,1080
1,Automotive,16.83,309,Female,28,Greek,0.99,1080
5,Kids,18.51,998,Female,40,Irish Gaelic,7.03,1080
9,Baby,25.82,847,Male,36,Indonesian,17.72,1080
3,Grocery,6.73,522,Male,17,German,14.45,1080
1,Clothing,18.46,215,Female,30,Nepali,15.22,1080
9,Grocery,26.73,881,Genderqueer,27,Afrikaans,4.24,1080
10,Health,6.7,495,Female,18,Quechua,14.36,1080
5,Electronics,29.81,409,Female,34,West Frisian,15.83,1080
4,Computers,4.6,628,Male,25,Swedish,20.02,1080
6,Tools,9.12,885,Male,25,Kurdish,14.88,1080
10,Clothing,3.62,742,Male,19,Tsonga,21.79,1080
11,Baby,29.66,648,Female,22,Italian,14.1,1080
5,Toys,22.05,321,Male,19,Afrikaans,10.62,1080
7,Baby,21.76,448,Male,30,Estonian,15.99,1080
7,Music,19.86,293,Non-binary,18,Khmer,9.78,1080
5,Computers,19.35,826,Female,16,Moldovan,10.11,1080
1,Clothing,26.88,95,Female,39,Romanian,24.71,1080
9,Automotive,13.72,599,Bigender,35,Dutch,18.78,1080
3,Computers,16.81,184,Female,32,Georgian,0.87,1080
9,Home,6.75,68,Male,21,Portuguese,20.35,1080
10,Beauty,28.09,895,Male,24,Thai,23.02,1080
11,Shoes,20.75,758,Female,20,Lao,25.73,1080
12,Sports,29.62,4,Male,19,Kannada,0.24,1080
3,Industrial,19.19,930,Female,19,Punjabi,11.65,1080
11,Shoes,1.85,953,Female,31,Irish Gaelic,21.4,1080
11,Games,29.03,50,Female,40,Papiamento,9.9,1080
5,Automotive,19.75,549,Female,18,Tamil,28.52,1080
11,Automotive,8.44,871,Male,22,Lao,3.99,1080
1,Movies,6.47,669,Polygender,29,Aymara,21.04,1080
11,Music,22.44,540,Male,36,Albanian,20.18,1080
3,Grocery,5.11,170,Female,21,Kannada,15.86,1080
3,Grocery,29.24,670,Male,40,Swedish,6.64,1080
9,Movies,14.34,545,Male,20,Czech,25.13,1080
3,Games,0.39,264,Female,21,Persian,4.78,1080
8,Outdoors,12.67,393,Female,37,Kashmiri,15.28,1080
6,Outdoors,5.35,824,Female,40,Malagasy,5.77,1080
3,Books,1.67,217,Male,29,Chinese,27.41,1080
4,Music,12.33,957,Female,34,Guaraní,5.79,1080
7,Outdoors,14.64,471,Agender,24,Dzongkha,4.52,1080
8,Outdoors,26.19,425,Male,40,Tetum,14.47,1080
10,Beauty,16.74,690,Male,37,Portuguese,14.85,1080
6,Home,22.81,991,Male,30,Irish Gaelic,2.62,1080
5,Outdoors,7.39,218,Female,17,Somali,14.53,1080
6,Books,29.86,934,Male,29,Nepali,6.49,1080
2,Baby,11.02,408,Female,18,Italian,24.14,1080
1,Shoes,6.82,309,Male,21,Mongolian,17.54,1080
1,Games,0.42,927,Male,29,Montenegrin,21.7,1080
7,Sports,16.15,596,Agender,35,Gujarati,2.37,1080
4,Movies,27.77,958,Female,23,Montenegrin,22.63,1080
5,Sports,20.6,790,Female,22,Macedonian,24.86,1080
5,Books,25.53,398,Female,30,Somali,24.99,1080
4,Clothing,18.29,260,Female,21,Tok Pisin,10.85,1080
10,Tools,26.25,58,Female,26,Lithuanian,16.71,1080
8,Books,19.96,448,Female,36,Papiamento,6.12,1080
9,Games,10.82,280,Male,38,Korean,29.63,1080
4,Grocery,14.98,791,Female,21,Quechua,6.26,1080
11,Garden,26.55,7,Female,18,Japanese,8.83,1080
4,Books,9.48,600,Female,20,Dzongkha,27.27,1080
7,Shoes,12.41,734,Male,39,Afrikaans,11.88,1080
6,Clothing,8.51,315,Female,39,Estonian,25.42,1080
8,Movies,21.17,361,Male,24,Hungarian,20,1080
4,Movies,3.48,470,Male,35,Irish Gaelic,4.05,1080
6,Games,14.86,434,Male,32,Ndebele,9.62,1080
10,Industrial,13.17,194,Male,16,Quechua,25.77,1080
6,Home,20.27,508,Female,21,Montenegrin,22.7,1080
2,Clothing,11.15,292,Male,40,Polish,6.56,1080
11,Toys,21.96,405,Female,19,New Zealand Sign Language,7.57,1080
1,Baby,13.49,229,Female,27,Assamese,3.39,1080
9,Tools,28.63,400,Female,36,Hebrew,20.37,1080
4,Games,20.78,485,Female,16,Gagauz,2.35,1080
8,Books,21.06,448,Female,20,Bosnian,17.36,1080
9,Toys,22.56,805,Male,39,Romanian,4.02,1080
5,Books,11.42,184,Male,37,Lithuanian,20.06,1080
8,Garden,29.71,812,Male,26,Assamese,28.53,1080
5,Movies,11.75,319,Female,28,Dari,1.3,1080
5,Electronics,16.41,438,Female,35,Aymara,4.31,1080
9,Garden,19.29,386,Female,39,French,10.13,1080
3,Books,15.79,936,Female,36,Quechua,15.81,1080
2,Music,24.62,200,Male,21,Armenian,15.49,1080
2,Grocery,26.18,842,Bigender,36,Korean,18.2,1080
9,Tools,15.32,43,Female,16,Estonian,9.35,1080
9,Electronics,21.93,500,Male,39,Gujarati,19.83,1080
8,Jewelry,4.66,424,Female,25,Azeri,7.77,1080
5,Kids,12.81,72,Male,34,Oriya,15.99,1080
5,Clothing,20.45,748,Male,30,German,22.8,1080
8,Industrial,15.27,476,Female,16,Dhivehi,13.88,1080
2,Books,24.32,957,Male,30,Hiri Motu,5.45,1080
8,Movies,10.77,659,Female,39,Albanian,14.06,1080
6,Kids,3.82,69,Female,21,Dutch,8.5,1080
10,Electronics,24.04,158,Non-binary,36,Finnish,1.32,1080
11,Computers,6.09,677,Male,17,Maltese,6.95,1080
11,Grocery,0.91,765,Female,25,Bosnian,12.17,1080
1,Sports,4.34,746,Male,19,Chinese,11.93,1080
12,Grocery,15.03,41,Female,24,Dari,6.67,1080
3,Games,18.76,552,Male,32,New Zealand Sign Language,7.01,1080
10,Tools,11.46,192,Female,36,Guaraní,9.32,1080
4,Automotive,11.54,54,Female,25,Swati,23.73,1080
7,Sports,6.1,586,Genderfluid,21,Lao,13.71,1080
1,Sports,14.32,50,Male,17,Albanian,11.99,1080
2,Clothing,19.42,301,Male,30,Punjabi,1.56,1080
7,Grocery,23.19,348,Female,17,Portuguese,27.16,1080
3,Garden,26.66,185,Female,23,Danish,11.72,1080
11,Clothing,18.48,311,Female,25,Punjabi,10.48,1080
10,Tools,17.37,460,Male,38,Indonesian,20.65,1080
10,Clothing,2.19,731,Male,33,Bosnian,4.47,1080
3,Outdoors,6.79,513,Female,30,Chinese,18.07,1080
7,Computers,8.12,556,Male,20,Gujarati,5.8,1080
3,Tools,8.01,265,Female,36,Montenegrin,3.94,1080
9,Games,23.98,384,Female,37,Ndebele,19.05,1080
7,Home,17.1,80,Male,23,Hungarian,21.14,1080
10,Health,13.05,287,Male,25,Latvian,1.42,1080
9,Jewelry,18.82,702,Male,25,Dhivehi,16.1,1080
9,Movies,23.95,599,Female,28,Burmese,15.26,1080
7,Industrial,25.14,207,Male,36,Guaraní,11.15,1080
3,Grocery,16.73,652,Male,34,Hungarian,20.43,1080
1,Toys,25.32,853,Male,21,Lao,28.25,1080
10,Industrial,8.32,887,Female,24,Assamese,10.53,1080
5,Music,14.4,712,Female,40,Zulu,12.51,1080
8,Toys,15.38,320,Female,36,Dzongkha,8.57,1080
9,Kids,24.84,226,Male,25,Nepali,14.06,1080
4,Industrial,9.96,704,Female,32,Tetum,26.13,1080
5,Tools,16.48,611,Male,38,Irish Gaelic,21.23,1080
10,Beauty,10.44,796,Polygender,25,Aymara,9.02,1080
5,Movies,26.74,993,Female,28,Zulu,28.67,1080
2,Home,6.49,21,Female,22,Polish,6.57,1080
12,Tools,19.78,175,Female,26,Belarusian,19.72,1080
1,Sports,22.88,699,Male,37,Dari,0.56,1080
6,Automotive,16.02,934,Female,30,Bosnian,20.3,1080
5,Automotive,21.22,576,Male,25,Punjabi,9.42,1080
3,Shoes,18.51,151,Female,33,Malayalam,22.02,1080
6,Baby,19.12,377,Female,25,Northern Sotho,29.19,1080
5,Sports,9.39,94,Male,26,Kazakh,27.07,1080
5,Shoes,21.14,412,Male,23,Danish,14.84,1080
2,Tools,24.57,657,Female,37,Yiddish,4.17,1080
4,Sports,12.85,956,Male,22,Burmese,22.27,1080
10,Games,10.92,708,Female,16,Polish,20.91,1080
1,Health,21.99,279,Male,35,Haitian Creole,13.99,1080
9,Grocery,24.38,310,Female,21,West Frisian,0.35,1080
12,Industrial,2.65,568,Female,38,Ndebele,24.36,1080
7,Beauty,20.73,544,Male,24,Kazakh,1,1080
12,Books,2.06,398,Male,24,Swedish,1.48,1080
7,Movies,0.29,546,Male,30,Nepali,25.39,1080
12,Music,22.37,276,Female,24,Papiamento,8.17,1080
3,Electronics,18.54,507,Male,21,Chinese,24.8,1080
2,Jewelry,4.61,630,Female,27,Oriya,10.01,1080
3,Electronics,6.76,345,Female,38,Dzongkha,11.39,1080
8,Garden,14.4,188,Female,31,Pashto,28.7,1080
12,Tools,13,513,Female,35,Greek,16.2,1080
9,Electronics,8.61,245,Female,23,Danish,21.24,1080
12,Electronics,5.13,516,Genderqueer,37,Afrikaans,28.41,1080
11,Automotive,14.06,160,Male,21,Marathi,4.9,1080
4,Sports,11.84,156,Male,19,Albanian,25.89,1080
3,Beauty,27.67,171,Male,26,Tsonga,2.06,1080
3,Games,29.49,896,Female,37,Gujarati,18.03,1080
10,Baby,6.71,978,Male,35,Gagauz,18.63,1080
12,Clothing,20.67,447,Non-binary,29,Kannada,10.91,1080
11,Shoes,18.09,18,Female,29,Latvian,5.52,1080
10,Jewelry,27.7,214,Male,34,Lithuanian,7.92,1080
1,Automotive,18.63,307,Female,32,Assamese,21.4,1080
9,Tools,13.99,161,Female,16,Kannada,20.17,1080
8,Jewelry,18.45,732,Female,40,Norwegian,21.41,1080
6,Health,15.05,199,Male,28,Montenegrin,29.77,1080
4,Garden,11.25,408,Female,16,Spanish,28.37,1080
12,Industrial,9.31,226,Male,28,Italian,4.55,1080
1,Books,0.14,245,Female,36,Papiamento,2.48,1080
5,Electronics,13.08,974,Non-binary,29,Swahili,25.6,1080
11,Grocery,19.87,510,Female,25,Icelandic,17.83,1080
1,Clothing,0.58,627,Female,29,Thai,13.54,1080
10,Shoes,7.49,26,Female,22,Gagauz,24.35,1080
6,Health,9.99,389,Male,18,Finnish,3.41,1080
1,Shoes,6.04,830,Female,24,Swati,12.42,1080
6,Clothing,20.09,395,Male,18,Albanian,29.53,1080
9,Music,4.99,883,Male,34,German,16.95,1080
9,Music,8.55,638,Female,20,Swedish,2.64,1080
8,Games,11.34,858,Male,32,New Zealand Sign Language,7.81,1080
1,Beauty,9.57,48,Female,35,Polish,21.76,1080
1,Electronics,18.08,616,Male,23,Spanish,21.19,1080
8,Music,4.59,11,Male,38,Lao,24.23,1080
2,Tools,22.64,251,Male,38,Hiri Motu,19.79,1080
1,Toys,24.51,625,Female,29,Portuguese,0.62,1080
7,Outdoors,20.17,577,Male,28,Gagauz,16.91,1080
6,Toys,27.99,59,Male,30,Estonian,2.29,1080
12,Electronics,6.39,24,Non-binary,19,Spanish,15.7,1080
4,Toys,16.8,533,Male,37,Khmer,23.58,1080
2,Toys,15.59,174,Female,32,Kashmiri,4.9,1080
2,Computers,28.64,53,Male,17,German,14.54,1080
11,Electronics,23.57,742,Male,17,Tamil,1.13,1080
4,Sports,8.34,263,Female,33,Japanese,11.42,1080
4,Jewelry,13.97,463,Female,21,Swedish,13.52,1080
8,Kids,17.27,245,Female,24,French,20.91,1080
10,Computers,18.13,262,Male,22,Albanian,8.55,1080
4,Shoes,25.72,390,Female,32,Swati,24.89,1080
10,Grocery,16.77,16,Male,22,Amharic,17.83,1080
10,Games,16.06,156,Female,37,English,12.88,1080
6,Outdoors,21.13,6,Female,32,Maltese,14.97,1080
11,Health,0.02,970,Male,24,Tamil,19.47,1080
2,Beauty,9.28,711,Male,24,Luxembourgish,15.09,1080
2,Sports,12.46,379,Non-binary,38,Khmer,11.19,1080
1,Jewelry,23.53,935,Male,32,Danish,28.81,1080
11,Grocery,14.48,452,Non-binary,37,Malagasy,8.38,1080
6,Clothing,10.45,163,Agender,23,Burmese,29,1080
6,Jewelry,12.03,573,Male,34,Haitian Creole,0.44,1080
11,Beauty,21.24,613,Male,22,Hebrew,0.99,1080
2,Shoes,9.55,669,Male,28,Hungarian,16.02,1080
3,Games,1.64,105,Male,16,Italian,16.96,1080
2,Industrial,18.55,915,Male,17,Māori,2.51,1080
6,Tools,8.62,580,Genderqueer,20,Māori,14.4,1080
11,Kids,23.74,890,Female,23,Korean,10.99,1080
12,Electronics,19.31,321,Male,27,Tsonga,15.79,1080
12,Automotive,19.09,281,Male,17,Zulu,11.59,1080
10,Games,23.4,784,Bigender,16,Portuguese,27.12,1080
12,Grocery,15.52,464,Male,27,Dari,12,1080
11,Sports,26.86,509,Female,16,Georgian,25.83,1080
9,Industrial,12.45,92,Non-binary,26,Bislama,4.98,1080
9,Beauty,5,126,Male,17,Malagasy,15.66,1080
10,Jewelry,12.7,766,Female,20,Estonian,28.89,1080
3,Electronics,15.12,480,Male,20,New Zealand Sign Language,7.97,1080
12,Tools,5.06,771,Female,30,Luxembourgish,3.53,1080
9,Beauty,15.08,582,Non-binary,16,Ndebele,26.95,1080
3,Books,28.44,897,Female,38,Tsonga,10.96,1080
7,Home,0.67,511,Female,31,Lao,9.43,1080
11,Kids,17.57,62,Female,21,Quechua,18.09,1080
7,Clothing,13.92,621,Male,19,Lao,29.67,1080
4,Shoes,8.12,643,Agender,31,Kashmiri,5.05,1080
9,Automotive,0.39,338,Male,21,Haitian Creole,17.88,1080
8,Industrial,11.69,817,Male,39,Tsonga,5.2,1080
1,Shoes,0.25,976,Male,21,New Zealand Sign Language,7.63,1080
3,Grocery,8.04,851,Female,24,Arabic,8.92,1080
10,Garden,25.63,969,Male,27,Gagauz,25.22,1080
1,Toys,26.76,530,Female,32,Lithuanian,20.53,1080
8,Music,28.51,360,Male,18,Estonian,17.45,1080
12,Music,12.38,814,Female,36,Chinese,12.48,1080
1,Outdoors,19.6,384,Polygender,21,Bosnian,7.49,1080
1,Shoes,16.62,656,Female,26,West Frisian,19.51,1080
3,Outdoors,1.97,572,Female,35,Tajik,1.52,1080
1,Garden,24.75,256,Female,18,Malayalam,13.2,1080
6,Movies,21.03,269,Male,23,Persian,22.54,1080
9,Electronics,1.95,232,Male,29,Yiddish,12.43,1080
3,Tools,2.03,323,Male,19,Tsonga,24.38,1080
1,Sports,23.52,570,Male,33,Luxembourgish,2.16,1080
2,Baby,16.45,29,Male,23,Sotho,7.86,1080
10,Clothing,17.47,889,Male,38,Lao,20.74,1080
12,Computers,2.54,339,Male,27,Croatian,0.2,1080
5,Clothing,19.21,6,Male,27,Pashto,25.29,1080
8,Shoes,10.65,598,Bigender,25,Czech,12.31,1080
5,Games,26.58,315,Male,37,Moldovan,14.34,1080
5,Industrial,13.58,309,Male,27,Moldovan,26.46,1080
9,Games,15.35,480,Female,30,Malay,8.15,1080
1,Games,3.13,970,Female,22,Persian,26.41,1080
6,Home,18.01,917,Female,17,Zulu,21.92,1080
5,Electronics,27.75,677,Male,36,Montenegrin,12.05,1080
2,Beauty,22.01,428,Female,35,Japanese,21.31,1080
10,Health,12.51,789,Female,20,Telugu,22.39,1080
9,Outdoors,20.63,892,Female,28,Marathi,20.8,1080
12,Outdoors,2.06,610,Female,32,Czech,17.76,1080
3,Sports,19.29,682,Male,39,Croatian,16.92,1080
10,Toys,22.92,354,Male,38,Azeri,9.36,1080
8,Garden,14.45,516,Female,26,Tajik,28.37,1080
1,Grocery,5.01,213,Female,29,Kashmiri,0.93,1080
9,Grocery,28.01,964,Female,28,Hindi,22.99,1080
3,Jewelry,15.83,107,Female,31,Swedish,29.85,1080
6,Beauty,21.79,645,Male,24,Estonian,8.76,1080
12,Outdoors,8.19,206,Male,33,Bosnian,3.77,1080
6,Music,29.14,194,Genderqueer,36,Nepali,20.95,1080
5,Automotive,8.4,434,Agender,27,English,4.05,1080
6,Movies,7.1,194,Male,30,Fijian,17.58,1080
1,Movies,15.57,450,Female,34,Maltese,13.18,1080
7,Baby,3.76,742,Polygender,29,Kashmiri,18.79,1080
3,Computers,11.86,322,Male,24,Nepali,29.22,1080
5,Toys,24.18,517,Female,26,Romanian,24.34,1080
6,Grocery,2.41,870,Female,34,Lao,18.6,1080
7,Movies,4.25,997,Male,17,Czech,28.94,1080
3,Baby,22.1,211,Male,26,New Zealand Sign Language,9.2,1080
6,Tools,2.85,968,Bigender,31,Tetum,29.65,1080
11,Outdoors,22.19,49,Male,20,Telugu,27.92,1080
10,Music,0.49,948,Female,24,Malay,11.2,1080
8,Jewelry,2.03,244,Male,18,Dhivehi,28.66,1080
6,Jewelry,2.59,473,Female,16,Gagauz,1.51,1080
10,Beauty,27.58,439,Male,20,Catalan,18.59,1080
11,Tools,18.79,624,Male,35,Tamil,18.7,1080
10,Electronics,16.16,849,Female,24,Dhivehi,14.54,1080
10,Jewelry,23.81,45,Male,23,Armenian,21.71,1080
7,Baby,18.28,529,Female,23,Northern Sotho,3.38,1080
9,Beauty,9.4,182,Male,37,Croatian,8.52,1080
2,Grocery,3.8,38,Male,30,Dari,26.8,1080
2,Shoes,3.17,778,Female,20,Polish,18.19,1080
7,Beauty,1.01,541,Male,21,Maltese,5.65,1080
2,Sports,17.7,649,Male,17,Oriya,12.84,1080
6,Garden,0.56,675,Female,30,Māori,5.07,1080
2,Music,23.27,762,Male,23,Hiri Motu,9.28,1080
6,Shoes,7.26,497,Male,17,French,5.55,1080
10,Outdoors,28.54,381,Female,30,German,4.7,1080
5,Tools,14.91,289,Male,29,Kazakh,3.33,1080
8,Electronics,6.05,827,Male,17,Catalan,10.54,1080
12,Sports,3.6,851,Female,29,Fijian,25.83,1080
3,Books,21.25,772,Female,35,Romanian,17.27,1080
4,Automotive,12.09,963,Male,24,Albanian,23.44,1080
4,Computers,22.01,293,Female,24,Swati,25.18,1080
10,Garden,17.57,598,Polygender,39,Swedish,16.1,1080
8,Computers,0.01,1,Male,20,Estonian,7.3,1080
1,Home,24.34,466,Female,26,Persian,24.01,1080
12,Games,20.27,475,Male,18,Māori,16.08,1080
8,Tools,15.02,575,Male,38,Moldovan,27.76,1080
10,Tools,5.2,768,Male,24,Malay,28.41,1080
5,Computers,19.67,871,Female,17,West Frisian,10.06,1080
2,Beauty,0.4,44,Female,34,Dzongkha,29.11,1080
12,Home,23.53,290,Male,35,Marathi,23.31,1080
5,Baby,10.32,849,Female,28,Luxembourgish,1.17,1080
7,Kids,29.04,491,Male,38,German,4.49,1080
11,Baby,24.51,341,Female,25,Māori,9.23,1080
5,Home,12.18,560,Male,38,Bengali,26.34,1080
9,Garden,6.92,153,Agender,25,Tajik,4.14,1080
10,Books,7.77,788,Female,22,Hebrew,0.8,1080
11,Home,28.23,538,Female,28,Hebrew,20.93,1080
8,Baby,17.7,631,Female,38,Irish Gaelic,13.03,1080
11,Computers,5.78,23,Female,21,Montenegrin,21.28,1080
2,Baby,25.92,218,Female,31,Burmese,25.74,1080
7,Jewelry,18.31,977,Male,35,Gagauz,9.51,1080
11,Automotive,23.55,100,Male,40,Burmese,26.22,1080
6,Home,26.3,855,Genderfluid,19,Hindi,7.13,1080
2,Shoes,17.97,852,Genderqueer,35,Nepali,18.13,1080
4,Home,17.18,610,Male,30,Thai,24.38,1080
1,Beauty,12.37,299,Male,23,Albanian,3.77,1080
1,Automotive,10.99,261,Male,27,Tsonga,11.63,1080
4,Health,21.64,763,Female,18,Albanian,3.22,1080
6,Sports,27.6,87,Male,25,Tok Pisin,5.66,1080
5,Industrial,23.79,823,Female,29,Oriya,6.14,1080
12,Baby,4.03,185,Male,32,Kashmiri,6.16,1080
3,Electronics,8.63,301,Male,21,Azeri,14.87,1080
7,Computers,8.66,745,Female,33,Persian,17.23,1080
2,Baby,0.97,809,Male,28,Punjabi,8.01,1080
7,Grocery,10.01,27,Female,30,Yiddish,5.04,1080
6,Games,2.09,896,Female,35,Quechua,8.73,1080
4,Computers,24.93,114,Male,28,Kazakh,2.53,1080
9,Beauty,18.87,1000,Male,19,Dari,6.31,1080
8,Games,13.52,442,Male,19,Belarusian,14.82,1080
8,Health,5.37,378,Female,25,Gujarati,22.47,1080
11,Garden,11.72,176,Female,35,Guaraní,10.59,1080
1,Toys,20.41,374,Female,29,Haitian Creole,28.44,1080
11,Games,24.4,38,Female,19,Nepali,19.75,1080
1,Shoes,17.55,128,Polygender,28,Croatian,29.45,1080
8,Kids,23.54,707,Female,39,Oriya,29.98,1080
1,Games,14.3,940,Male,16,Portuguese,6.18,1080
4,Games,1.84,443,Male,36,Dutch,24.48,1080
9,Clothing,22.9,192,Female,23,Zulu,15.51,1080
6,Garden,19.23,267,Male,39,Macedonian,15.73,1080
12,Home,8.35,498,Female,18,Indonesian,6.43,1080
2,Shoes,20.85,690,Female,39,Dhivehi,28.36,1080
6,Toys,13.08,364,Female,29,Macedonian,19.22,1080
7,Kids,3.52,316,Female,19,Moldovan,0.41,1080
10,Automotive,25.36,480,Female,38,Hiri Motu,3.16,1080
6,Automotive,26.66,199,Female,18,Norwegian,19.09,1080
4,Home,22.97,908,Male,35,Bosnian,28.84,1080
8,Health,14.08,505,Female,19,Tsonga,23.32,1080
12,Clothing,22.66,552,Female,32,Tamil,2.88,1080
8,Toys,13.15,696,Male,20,Catalan,12.68,1080
10,Books,7.44,944,Male,22,Oriya,9.99,1080
10,Tools,11.59,528,Female,28,Danish,20.77,1080
2,Computers,17.44,483,Female,23,Danish,11.97,1080
12,Industrial,0.4,584,Female,33,Gagauz,3.2,1080
4,Books,11.84,868,Male,16,Guaraní,27.77,1080
8,Baby,19.87,773,Male,32,Spanish,13.97,1080
6,Music,27.17,658,Female,30,Indonesian,13.98,1080
5,Music,24.09,945,Female,35,Arabic,17.63,1080
12,Music,25.42,330,Female,28,Tamil,1.24,1080
1,Outdoors,22.38,671,Female,24,Greek,5.89,1080
3,Industrial,18.95,500,Female,30,Malay,24.17,1080
6,Outdoors,14.95,792,Male,31,Pashto,7.01,1080
7,Garden,4.64,621,Male,16,Arabic,13.19,1080
6,Beauty,7,418,Female,39,Portuguese,14.45,1080
3,Baby,15.47,400,Female,25,Irish Gaelic,16.83,1080
2,Tools,14.13,633,Male,20,Greek,7.75,1080
12,Music,26.91,821,Female,37,Fijian,11.5,1080
3,Automotive,10.86,544,Male,38,Tsonga,8.26,1080
6,Health,3.32,124,Female,17,Burmese,21.79,1080
9,Kids,23.79,899,Female,26,Estonian,9.72,1080
12,Baby,20.59,941,Female,23,Irish Gaelic,8.18,1080
3,Clothing,28.68,161,Male,22,Catalan,26.64,1080
4,Toys,2.16,775,Female,18,Kannada,14.32,1080
12,Books,28.66,199,Male,34,Thai,18.24,1080
6,Health,9.35,58,Male,21,Armenian,16.69,1080
3,Outdoors,26.63,146,Male,28,Kyrgyz,5.07,1080
5,Baby,28.86,214,Male,40,Dhivehi,4.08,1080
8,Beauty,22,243,Female,29,Kurdish,17.7,1080
1,Automotive,0.98,519,Male,36,Arabic,3,1080
2,Baby,28.81,485,Female,16,Polish,1.71,1080
9,Movies,28.02,795,Non-binary,38,Hindi,20.38,1080
10,Health,12.29,688,Male,22,Maltese,11.62,1080
11,Kids,1.19,787,Female,17,Belarusian,29.9,1080
7,Movies,8.36,372,Female,33,Kazakh,22.95,1080
3,Games,3.11,646,Male,22,Yiddish,20.67,1080
3,Toys,2.22,18,Female,39,Swati,28.64,1080
5,Kids,22.45,282,Male,16,Portuguese,11.15,1080
6,Garden,5.93,602,Female,25,Malagasy,19.81,1080
10,Outdoors,17.83,954,Male,32,Czech,25.89,1080
10,Clothing,26.4,830,Male,26,Amharic,2.54,1080
12,Games,28.99,984,Male,31,Thai,3.17,1080
2,Tools,19.88,601,Male,36,Kurdish,2.43,1080
2,Industrial,25.57,466,Female,32,Swahili,20.58,1080
8,Industrial,18.39,898,Male,33,Spanish,19.83,1080
6,Outdoors,0.53,530,Female,22,Malayalam,9.82,1080
9,Baby,4.27,610,Male,23,Kazakh,17.51,1080
4,Books,6.59,554,Male,22,Dhivehi,1.46,1080
8,Kids,22.31,51,Male,34,Marathi,16.96,1080
9,Kids,27,598,Female,20,Korean,11.37,1080
2,Music,15.91,905,Male,28,Bulgarian,9.05,1080
10,Kids,21.62,457,Female,25,Croatian,11.61,1080
11,Computers,22.73,774,Female,31,New Zealand Sign Language,23.69,1080
5,Music,15,508,Male,16,Swati,13.28,1080
4,Home,15.86,86,Genderqueer,16,Norwegian,18.06,1080
5,Beauty,5.73,388,Female,16,Bengali,17.29,1080
4,Movies,15.26,909,Male,33,Portuguese,23.96,1080
12,Home,0.28,84,Female,34,Marathi,21,1080
10,Music,27.37,466,Female,36,Tswana,13.89,1080
7,Clothing,23.52,88,Male,26,Malagasy,8.07,1080
6,Movies,16,810,Male,35,Telugu,12.88,1080
10,Games,4.4,607,Female,35,Ndebele,10.75,1080
5,Industrial,29.3,584,Male,39,Sotho,26.55,1080
7,Jewelry,9.95,435,Male,34,Swedish,28.9,1080
8,Home,0.2,416,Female,29,Aymara,11.67,1080
12,Movies,23.64,110,Female,30,Italian,16.77,1080
11,Automotive,3.83,892,Female,38,Tamil,13.2,1080
6,Home,1.2,108,Female,17,Polish,0.72,1080
4,Games,24.09,156,Female,17,Persian,5.76,1080
2,Tools,23.05,964,Female,19,Mongolian,6.56,1080
5,Home,24.29,366,Genderqueer,25,Yiddish,0.24,1080
3,Computers,0.15,859,Female,34,Tsonga,17.64,1080
3,Computers,19.12,41,Male,24,Tetum,26.51,1080
7,Baby,3,649,Bigender,17,Luxembourgish,0.87,1080
6,Grocery,29.55,604,Male,40,Croatian,6.72,1080
12,Grocery,6.74,888,Female,23,Tetum,29.11,1080
5,Baby,28.63,297,Non-binary,29,Luxembourgish,28.15,1080
7,Movies,17.37,494,Male,36,Macedonian,0.16,1080
3,Games,0.52,398,Male,33,Mongolian,21.3,1080
4,Jewelry,1.45,186,Female,27,Latvian,27.65,1080
10,Sports,12.3,542,Female,29,Hiri Motu,3.36,1080
11,Jewelry,2.25,964,Female,30,Polish,7.09,1080
4,Automotive,27.13,186,Female,31,Dutch,22.21,1080
11,Garden,24.47,395,Male,19,Dhivehi,10.2,1080
3,Baby,3.64,551,Genderfluid,39,Malagasy,18.1,1080
9,Health,13.31,702,Female,24,Zulu,29.27,1080
5,Sports,8.97,751,Bigender,39,Thai,20.94,1080
3,Games,27.57,105,Female,20,Malay,11.52,1080
2,Electronics,8.29,336,Genderqueer,31,Norwegian,18.24,1080
2,Jewelry,15.73,391,Male,37,Croatian,25.81,1080
4,Games,26.52,925,Male,18,Dzongkha,19.91,1080
3,Outdoors,23.46,826,Bigender,33,Tswana,10.12,1080
3,Books,17.35,737,Male,28,Azeri,9.69,1080
9,Movies,25.27,775,Female,36,Burmese,2.27,1080
10,Music,29.85,956,Male,21,Kannada,4.51,1080
8,Clothing,26.49,49,Male,19,Dari,22.75,1080
11,Home,16.89,557,Male,17,Telugu,19.6,1080
12,Garden,20.72,52,Female,19,Swahili,15.06,1080
9,Computers,20.72,341,Male,27,Tsonga,16.72,1080
1,Kids,20.26,795,Female,32,Georgian,19.55,1080
10,Books,11.84,380,Male,34,Haitian Creole,24.77,1080
12,Sports,6.67,426,Male,23,Estonian,13.53,1080
4,Health,7.39,448,Male,23,Korean,18.11,1080
5,Kids,2.61,509,Male,24,Tswana,10.95,1080
5,Games,29.3,497,Male,29,Albanian,21.27,1080
1,Games,22.97,759,Female,38,Portuguese,5.17,1080
8,Books,1.01,413,Male,20,Aymara,19.52,1080
5,Beauty,23.8,374,Male,21,Estonian,20.07,1080
5,Grocery,7.38,165,Male,21,New Zealand Sign Language,15.05,1080
7,Home,8.23,120,Female,24,Korean,10.82,1080
4,Outdoors,4.47,965,Female,24,Kurdish,7.57,1080
3,Games,11.12,91,Female,32,Bosnian,13.62,1080
1,Books,26.77,7,Female,18,Oriya,20.15,1080
3,Beauty,29.33,706,Male,17,New Zealand Sign Language,0.39,1080
10,Computers,8.31,851,Male,19,Quechua,1.34,1080
4,Computers,4.34,458,Female,22,Bengali,1.77,1080
2,Beauty,29.3,709,Female,24,Bosnian,20.45,1080
1,Clothing,24.77,623,Male,18,Croatian,4.2,1080
3,Outdoors,8.29,389,Genderqueer,38,French,1.33,1080
8,Health,20.97,538,Male,19,Haitian Creole,6.75,1080
9,Toys,21.58,665,Male,18,Assamese,7.36,1080
3,Home,13.49,407,Female,36,Albanian,28.51,1080
3,Home,13.13,414,Male,38,Tajik,9.35,1080
1,Industrial,23.54,138,Female,27,Moldovan,23.01,1080
1,Health,8.53,679,Male,35,Papiamento,18.76,1080
8,Toys,3.31,419,Agender,17,Danish,28.74,1080
4,Books,22.28,890,Male,27,Macedonian,1.26,1080
7,Sports,21.31,480,Male,20,German,13.22,1080
5,Games,19.33,904,Male,27,Somali,10.55,1080
12,Shoes,12.09,544,Female,34,Polish,12.19,1080
7,Beauty,9.58,813,Female,32,Bulgarian,11.73,1080
2,Baby,24.15,207,Male,17,Lithuanian,13.75,1080
2,Home,24.07,323,Female,27,Maltese,27.34,1080
11,Movies,1.87,758,Genderfluid,35,Papiamento,17.45,1080
10,Baby,13.67,785,Female,34,Latvian,15.37,1080
6,Baby,19.34,233,Female,26,Tsonga,6.57,1080
3,Sports,11.91,364,Female,32,Italian,11.69,1080
11,Tools,22.24,499,Female,39,Kashmiri,14.17,1080
2,Shoes,26.19,21,Male,24,Tswana,17.33,1080
4,Shoes,13.77,746,Male,28,Maltese,16.95,1080
2,Electronics,8.65,6,Female,37,Dutch,16.34,1080
8,Garden,20.56,193,Female,39,Croatian,4.34,1080
1,Baby,21.38,13,Female,38,Hebrew,3.49,1080
12,Toys,28.95,126,Female,20,Punjabi,14.84,1080
12,Electronics,5.19,571,Female,38,Malayalam,20,1080
12,Garden,6.74,706,Male,34,Korean,21.94,1080
2,Sports,11.94,313,Female,22,Persian,5.15,1080
3,Toys,13.03,998,Male,31,Hiri Motu,24.05,1080
8,Music,29.34,411,Female,32,Moldovan,5.91,1080
9,Garden,5.14,459,Female,27,Arabic,0.46,1080
4,Sports,20.81,80,Female,20,Thai,18.29,1080
3,Garden,21.91,931,Female,21,German,5.16,1080
3,Computers,9.59,739,Female,40,Belarusian,28.79,1080
4,Grocery,1.28,982,Male,19,Swahili,21.87,1080
11,Industrial,8.51,668,Female,16,Belarusian,25.48,1080
4,Industrial,7.43,910,Female,21,Kurdish,21.83,1080
9,Baby,27.97,216,Female,16,Spanish,11,1080
3,Computers,29.79,200,Male,26,Tetum,7.79,1080
7,Games,2.21,420,Male,29,Haitian Creole,3.39,1080
5,Clothing,11.41,332,Bigender,36,Haitian Creole,5.44,1080
4,Sports,14.45,267,Female,27,Tok Pisin,16.51,1080
10,Grocery,19.49,269,Female,29,New Zealand Sign Language,6.58,1080
5,Health,29.04,57,Female,38,Chinese,20.51,1080
9,Clothing,4.72,985,Female,30,Arabic,20.64,1080
2,Books,11.2,688,Male,24,Haitian Creole,6.72,1080
10,Industrial,7.27,436,Male,25,Tswana,13.09,1080
2,Garden,7.14,267,Male,17,Khmer,11.39,1080
5,Books,4.03,970,Female,31,Fijian,20.95,1080
2,Tools,25.55,609,Male,33,Tetum,16.37,1080
3,Grocery,21.04,559,Male,34,Swahili,28.25,1080
3,Sports,11.25,722,Female,37,Dzongkha,14.56,1080
7,Kids,27.67,871,Male,28,Polish,6.83,1080
11,Toys,25.49,429,Male,31,Dutch,14.7,1080
11,Shoes,23.43,695,Female,34,Polish,3.05,1080
1,Garden,2.91,986,Male,23,Haitian Creole,14.84,1080
12,Beauty,15.57,18,Female,21,Dhivehi,7.48,1080
4,Electronics,15.89,117,Male,16,Dhivehi,2.55,1080
5,Industrial,28.19,981,Female,17,Dari,18.18,1080
3,Books,19.18,769,Female,31,Burmese,11.07,1080
10,Industrial,15.22,215,Male,35,Gujarati,5.76,1080
3,Automotive,28.63,202,Female,36,Aymara,11.8,1080
5,Health,20.21,917,Male,17,Korean,16.58,1080
3,Beauty,12.96,969,Female,34,Haitian Creole,7.27,1080
4,Kids,19.15,448,Female,22,Filipino,7.89,1080
7,Computers,19.27,986,Female,24,Lithuanian,12.81,1080
4,Toys,16.88,197,Female,29,Maltese,21.43,1080
10,Outdoors,6.65,660,Bigender,16,Fijian,0.86,1080
4,Clothing,20.31,778,Female,19,Hebrew,20.3,1080
2,Jewelry,3.09,717,Female,39,Bulgarian,7,1080
9,Baby,4.84,970,Female,30,Icelandic,23.17,1080
1,Clothing,8.36,473,Female,24,Danish,7.23,1080
3,Toys,10.13,952,Male,21,Yiddish,17.97,1080
1,Clothing,17.05,189,Female,21,French,13.95,1080
9,Jewelry,17.83,364,Female,27,Amharic,8.51,1080
7,Shoes,20.33,968,Female,22,Maltese,2.67,1080
11,Garden,25.08,941,Female,30,Danish,19.65,1080
4,Clothing,10.42,698,Female,31,West Frisian,16.39,1080
7,Jewelry,8.08,125,Male,35,Lithuanian,12.8,1080
1,Toys,3.43,172,Male,32,Northern Sotho,25.97,1080
6,Automotive,27.2,195,Female,16,Thai,23.74,1080
6,Outdoors,27.26,740,Female,17,Arabic,6.64,1080
6,Grocery,10.67,198,Female,16,Romanian,0.23,1080
2,Tools,15.6,699,Genderqueer,22,Portuguese,14.96,1080
3,Baby,11,138,Male,40,Persian,0.76,1080
10,Kids,24.48,485,Non-binary,21,Swati,0.52,1080
8,Electronics,28.24,71,Female,35,Lao,25.69,1080
10,Kids,19.54,333,Genderqueer,28,Estonian,20.67,1080
2,Kids,17.16,894,Male,23,Estonian,15,1080
8,Jewelry,25.86,809,Female,39,Bislama,15.29,1080
3,Grocery,27.17,802,Genderfluid,22,Māori,16.51,1080
11,Electronics,3.12,651,Female,36,Sotho,7.4,1080
6,Sports,18.81,244,Female,20,Marathi,28.75,1080
11,Toys,5.81,407,Male,25,Haitian Creole,5.38,1080
8,Electronics,16.68,665,Male,28,Dhivehi,0.4,1080
5,Electronics,28.36,187,Female,18,Ndebele,8.62,1080
7,Outdoors,22.9,626,Female,19,Kurdish,24.59,1080
6,Outdoors,1.42,427,Male,22,Marathi,14.56,1080
1,Movies,27.99,802,Female,22,Marathi,15.24,1080
1,Health,13.8,398,Female,22,Amharic,8.12,1080
12,Home,12.87,188,Male,22,Chinese,6.4,1080
3,Outdoors,17.3,175,Female,17,Latvian,0.51,1080
7,Tools,1.22,305,Male,31,Estonian,11.29,1080
5,Beauty,4.06,850,Male,16,Punjabi,24.35,1080
7,Jewelry,9.78,207,Female,40,Papiamento,9.46,1080
4,Outdoors,21.54,927,Male,29,Luxembourgish,26.84,1080
2,Music,11.36,847,Female,35,Quechua,9.14,1080
9,Home,14.32,794,Polygender,18,Oriya,8.95,1080
8,Garden,11.49,614,Male,40,Maltese,9.79,1080
5,Industrial,14.83,777,Male,19,Bengali,20.77,1080
2,Baby,24.44,641,Male,19,Bulgarian,5.87,1080
1,Baby,16.81,718,Male,19,Aymara,12.95,1080
3,Clothing,1.71,686,Male,17,Italian,19.93,1080
2,Kids,5.65,161,Male,20,Danish,24.37,1080
11,Music,17.15,286,Male,33,Hindi,25.1,1080
12,Books,26.43,523,Male,25,New Zealand Sign Language,10.54,1080
3,Health,14.7,381,Female,36,German,26.13,1080
8,Kids,18.29,371,Female,33,Persian,11.19,1080
5,Industrial,9.74,740,Female,26,Indonesian,0.97,1080
5,Automotive,10.09,967,Female,17,English,11.95,1080
6,Beauty,20.28,710,Female,23,Luxembourgish,24.1,1080
12,Movies,0.91,433,Female,22,Malagasy,27.3,1080
3,Books,9.83,750,Female,36,New Zealand Sign Language,12.28,1080
1,Grocery,11.13,349,Female,19,Guaraní,29.15,1080
12,Outdoors,29.35,226,Female,33,Latvian,8.66,1080
1,Garden,20,123,Male,36,Czech,10.61,1080
8,Music,15.92,606,Female,30,Kyrgyz,16.27,1080
4,Sports,26.84,736,Male,40,Māori,19.67,1080
2,Outdoors,6.64,369,Genderqueer,29,Hebrew,20.05,1080
5,Jewelry,15.11,765,Male,39,Mongolian,17.52,1080
1,Garden,12.27,289,Female,18,Dzongkha,11.09,1080
12,Outdoors,19.68,51,Female,36,Dhivehi,13.55,1080
5,Computers,25.28,951,Female,32,Papiamento,0.04,1080
2,Clothing,25.45,738,Male,36,West Frisian,3.54,1080
5,Books,3.36,895,Male,19,Dari,29.97,1080
12,Tools,23.08,532,Female,26,Macedonian,2.83,1080
12,Grocery,22.09,642,Male,19,Burmese,9.46,1080
9,Automotive,15.89,671,Female,19,Arabic,4.34,1080
8,Baby,20.37,589,Genderfluid,32,Tetum,28.25,1080
2,Shoes,8.38,921,Female,33,Haitian Creole,15.48,1080
11,Electronics,28.68,877,Agender,20,Lao,23.79,1080
11,Computers,0.39,246,Male,34,Maltese,1.31,1080
2,Grocery,3.16,721,Female,20,Armenian,27.98,1080
6,Computers,25.77,12,Female,21,Czech,25.48,1080
9,Shoes,1.87,730,Non-binary,26,Gujarati,13.7,1080
6,Sports,22.18,675,Female,24,Montenegrin,7.49,1080
11,Health,24.58,764,Bigender,25,Tok Pisin,1.19,1080
3,Kids,19.66,29,Female,36,Burmese,18.18,1080
1,Kids,26.22,762,Male,38,Lao,6.12,1080
6,Tools,12.71,850,Female,17,Maltese,15.95,1080
8,Sports,22.92,584,Male,25,Gujarati,3.22,1080
10,Movies,17.96,326,Non-binary,16,Maltese,4.6,1080
12,Toys,8.37,893,Male,26,Italian,11.44,1080
8,Home,23.77,430,Female,32,Quechua,13.11,1080
1,Grocery,26.4,529,Female,32,Kazakh,29.48,1080
12,Health,18.75,340,Genderfluid,31,Khmer,23.07,1080
7,Outdoors,24.82,722,Male,37,Fijian,3.06,1080
10,Jewelry,25.18,829,Female,25,Sotho,21.66,1080
7,Clothing,10.02,52,Female,37,Oriya,22.3,1080
1,Home,25.25,271,Female,27,Norwegian,13.63,1080
7,Sports,1.63,911,Male,17,Greek,17.78,1080
10,Tools,13.04,246,Male,17,Hungarian,14.78,1080
9,Computers,22.79,551,Female,30,Oriya,17.31,1080
8,Music,16.32,209,Female,22,Mongolian,15.33,1080
12,Movies,1.05,243,Female,37,Dari,19.22,1080
6,Home,7.38,898,Male,35,Kannada,23.59,1080
2,Toys,24.62,224,Female,25,Malayalam,1.26,1080
2,Books,5.73,606,Female,20,Italian,27.77,1080
4,Jewelry,4.04,242,Female,30,Filipino,28.99,1080
9,Movies,26.74,870,Female,23,Gagauz,27.53,1080
6,Music,0.84,472,Male,17,Arabic,27.05,1080
5,Automotive,20.09,499,Male,20,Albanian,12.74,1080
5,Beauty,9.64,110,Female,32,Japanese,15.73,1080
8,Baby,11.64,874,Female,16,Bislama,24.52,1080
5,Sports,0.62,538,Male,29,Macedonian,21.48,1080
5,Garden,6.02,778,Male,32,Latvian,13.74,1080
1,Home,18.04,850,Male,31,Albanian,16.67,1080
5,Kids,11.66,197,Female,18,Azeri,17.24,1080
11,Computers,27.64,405,Female,22,Aymara,25.74,1080
11,Kids,8.8,981,Female,28,Bislama,4.24,1080
6,Baby,21.73,812,Female,35,Dhivehi,16.17,1080
5,Industrial,23.13,508,Genderfluid,33,Māori,8.12,1080
10,Baby,26.58,163,Female,23,Polish,21.46,1080
12,Books,4.17,581,Female,22,Zulu,19.67,1080
6,Health,0.11,542,Female,23,Greek,24.68,1080
12,Baby,25.73,626,Female,18,Dari,29.47,1080
2,Games,0.49,287,Male,21,Dhivehi,1.25,1080
3,Outdoors,13.21,694,Agender,35,Italian,13.54,1080
5,Garden,23.5,81,Male,23,Filipino,4.49,1080
4,Computers,20.79,858,Female,20,Malayalam,1.85,1080
6,Shoes,27.02,60,Female,25,Afrikaans,5.63,1080
5,Music,4.61,196,Female,26,Hiri Motu,5.78,1080
8,Electronics,16.28,399,Female,28,Bosnian,26.63,1080
2,Computers,4.75,222,Female,26,Thai,17.88,1080
11,Tools,14.5,831,Male,34,Telugu,0.99,1080
6,Clothing,16.71,701,Female,37,New Zealand Sign Language,24.09,1080
6,Electronics,2.46,144,Male,32,Amharic,8.98,1080
4,Jewelry,22.59,137,Male,33,Belarusian,26.69,1080
6,Computers,0.09,576,Genderqueer,16,Tetum,10.18,1080
8,Shoes,0.65,258,Female,32,English,19.7,1080
2,Books,12.29,243,Female,34,Khmer,19.71,1080
9,Movies,1.21,473,Female,27,French,12.87,1080
10,Industrial,4.4,467,Male,35,Estonian,17.22,1080
10,Books,15.25,502,Male,33,Dzongkha,24.51,1080
12,Home,6.23,822,Non-binary,31,Irish Gaelic,0.95,1080
9,Shoes,10.06,684,Genderfluid,38,Georgian,2.57,1080
3,Outdoors,2.67,510,Female,37,Estonian,29.29,1080
7,Games,20.83,377,Male,31,Hungarian,24.54,1080
11,Beauty,29.14,304,Male,26,Thai,14.7,1080
2,Music,18.21,37,Male,40,Nepali,5.99,1080
5,Industrial,13.97,936,Female,29,Kannada,7.65,1080
11,Clothing,0.24,682,Male,30,Montenegrin,1.04,1080
12,Grocery,8.42,647,Male,40,Estonian,9.4,1080
5,Clothing,5.01,835,Male,22,Gujarati,19.54,1080
11,Industrial,5.79,471,Polygender,31,Malayalam,20.23,1080
4,Grocery,17.58,112,Bigender,27,Ndebele,15.34,1080
10,Kids,6.29,315,Male,23,Malagasy,19.06,1080
3,Outdoors,21.93,269,Female,40,Pashto,26.87,1080
5,Computers,24.42,844,Female,17,Arabic,2.65,1080
9,Beauty,25.91,256,Female,28,Malay,15.86,1080
5,Music,12.89,354,Male,24,Kurdish,10.61,1080
3,Baby,7.4,885,Female,19,Malay,24.16,1080
1,Health,0.48,879,Male,39,Kyrgyz,1.63,1080
12,Baby,22.75,128,Male,26,Tamil,10.09,1080
4,Jewelry,2.84,141,Female,19,Northern Sotho,0.67,1080
10,Clothing,27.47,440,Male,39,French,23.79,1080
4,Health,1.31,648,Male,20,Catalan,21.43,1080
1,Games,16.19,580,Female,32,Norwegian,2.25,1080
3,Garden,14.86,509,Female,29,Macedonian,8.89,1080
2,Sports,26.86,896,Female,29,Amharic,0.52,1080
3,Grocery,13.26,183,Male,21,Gagauz,25.43,1080
2,Movies,8.76,28,Male,25,Dzongkha,29.07,1080
3,Toys,14.55,813,Female,28,Arabic,21.87,1080
4,Computers,11.92,524,Male,39,Marathi,25.36,1080
1,Baby,4.91,654,Male,25,Montenegrin,24.77,1080
2,Grocery,24.55,727,Female,30,Georgian,27.33,1080
10,Movies,4.63,82,Female,21,Hungarian,2.74,1080
2,Toys,2.88,109,Male,29,Hebrew,23.18,1080
9,Grocery,24.27,998,Male,22,Dutch,7.02,1080
8,Games,6.65,585,Male,34,Romanian,4.33,1080
1,Automotive,28.77,333,Bigender,40,Marathi,1.57,1080
3,Home,16.99,597,Male,27,Danish,9.66,1080
9,Movies,25.7,992,Male,32,Punjabi,20.02,1080
4,Movies,24.41,79,Male,24,Norwegian,3.88,1080
3,Grocery,12.6,591,Female,22,Malayalam,19.78,1080
8,Home,22.13,728,Male,40,Punjabi,10.36,1080
3,Home,11.54,175,Female,31,Georgian,17.83,1080
6,Computers,19.12,497,Male,23,Belarusian,26.13,1080
12,Shoes,10.94,937,Male,18,Luxembourgish,9.48,1080
1,Jewelry,3.4,212,Female,26,Croatian,25.96,1080
3,Movies,12.98,407,Male,17,Bosnian,5.39,1080
10,Baby,2.11,258,Female,20,Gagauz,15.59,1080
8,Jewelry,9.96,726,Female,19,Sotho,2.47,1080
3,Music,3.61,568,Male,22,Dari,25.01,1080
9,Baby,23.62,309,Female,37,Swedish,15.8,1080
9,Outdoors,27.45,496,Female,20,Dhivehi,25,1080
12,Computers,4.73,671,Male,20,Finnish,17.13,1080
12,Grocery,10.11,498,Female,33,Spanish,24.12,1080
2,Garden,21.15,164,Male,33,Swahili,20.28,1080
6,Electronics,17.56,529,Female,17,Korean,12.62,1080
2,Garden,17.3,282,Female,17,Afrikaans,23.28,1080
4,Grocery,8.34,122,Female,30,Portuguese,17.66,1080
3,Books,22.01,542,Male,28,Portuguese,18.37,1080
5,Tools,8.53,281,Female,31,Quechua,27.27,1080
4,Outdoors,27.15,390,Female,37,Swati,9.39,1080
9,Music,24.35,2,Genderqueer,21,Luxembourgish,23.03,1080
9,Computers,23.08,577,Male,37,Armenian,8.23,1080
7,Automotive,15.52,303,Male,37,Bosnian,9.76,1080
11,Industrial,0.16,981,Male,29,Dari,20.18,1080
8,Kids,15.69,987,Male,34,Irish Gaelic,3.04,1080
9,Books,10.97,717,Female,32,Dzongkha,27.02,1080
12,Movies,25.31,290,Male,22,Bengali,19.7,1080
5,Industrial,22.85,230,Female,39,Amharic,27.08,1080
10,Games,7.36,122,Male,37,Zulu,14.28,1080
10,Jewelry,14.88,498,Male,39,Khmer,5.22,1080
1,Sports,18.94,383,Female,22,Japanese,15.24,1080
9,Industrial,22.28,825,Male,26,Burmese,9.61,1080
11,Garden,2.23,346,Male,31,Bosnian,16.53,1080
9,Garden,14.23,302,Polygender,40,Filipino,27.15,1080
10,Music,20.27,31,Female,37,Albanian,29.98,1080
11,Shoes,10.4,813,Female,22,Indonesian,0.72,1080
3,Computers,14.99,271,Male,25,Maltese,26.18,1080
8,Tools,15.63,685,Male,32,New Zealand Sign Language,24.54,1080
11,Electronics,15.21,27,Male,34,Kashmiri,15.66,1080
12,Garden,18.01,18,Male,34,Catalan,12.83,1080
3,Health,8.4,875,Female,16,Guaraní,0.7,1080
1,Garden,4.22,68,Female,26,Thai,0.68,1080
3,Tools,23.6,551,Male,40,Japanese,0.41,1080
4,Garden,24.29,545,Male,21,Greek,7.68,1080
1,Beauty,14.37,108,Female,33,Pashto,24.18,1080
12,Automotive,11.1,858,Female,21,Quechua,26.62,1080
3,Baby,3.42,301,Male,32,Finnish,18.96,1080
10,Clothing,10.46,873,Bigender,35,Tajik,3.78,1080
1,Garden,5.17,858,Female,25,Northern Sotho,7.53,1080
11,Electronics,20.25,492,Male,27,Amharic,2.94,1080
10,Toys,14.04,434,Female,31,Bengali,23.19,1080
12,Industrial,1.07,929,Female,26,Bulgarian,19.11,1080
11,Sports,12.9,829,Male,33,Malay,0.55,1080
6,Jewelry,17.68,266,Male,31,Burmese,27.26,1080
3,Grocery,4.35,816,Male,25,Guaraní,17.28,1080
12,Books,16.33,879,Polygender,20,Bengali,14.06,1080
4,Toys,21.44,450,Genderqueer,29,Guaraní,5.43,1080
1,Outdoors,23.06,981,Female,37,Kurdish,1.49,1080
7,Grocery,5.88,560,Male,25,Afrikaans,9.7,1080
12,Outdoors,22.11,171,Female,36,Yiddish,18.68,1080
11,Beauty,5.59,920,Male,35,Quechua,12.46,1080
5,Jewelry,13.38,187,Male,31,Dutch,13.3,1080
9,Jewelry,29.13,355,Female,20,Dari,27.24,1080
1,Kids,17.79,987,Male,20,Hindi,6.12,1080
8,Industrial,0.8,542,Female,28,Azeri,13,1080
12,Health,18.22,606,Male,35,Punjabi,7.38,1080
3,Kids,11.2,333,Male,26,Dari,28.8,1080
3,Shoes,4.71,638,Female,37,Māori,0.93,1080
12,Books,7.83,820,Male,31,Swedish,9.64,1080
12,Automotive,22.87,154,Female,29,Macedonian,22.15,1080
1,Beauty,28.13,948,Male,20,Northern Sotho,5.79,1080
3,Baby,21.72,568,Male,37,Swedish,17.24,1080
6,Books,27.16,742,Female,37,Albanian,7.3,1080
10,Shoes,21.3,978,Male,39,Georgian,9.78,1080
1,Baby,12.27,224,Male,25,Portuguese,4.58,1080
1,Jewelry,5.16,392,Male,21,Marathi,24.88,1080
7,Clothing,7.81,501,Non-binary,26,Kazakh,13.07,1080
10,Garden,11.43,509,Female,31,Burmese,17.5,1080
1,Grocery,22.09,573,Male,16,Malay,24.69,1080
2,Electronics,20.33,681,Male,30,Telugu,6.99,1080
7,Shoes,19.98,395,Female,22,West Frisian,18.22,1080
1,Games,3.19,65,Male,36,Filipino,13.96,1080
10,Outdoors,23.51,941,Male,16,Maltese,21.32,1080
7,Kids,16.52,880,Male,31,Amharic,12.59,1080
6,Garden,12.12,261,Male,39,German,11.1,1080
9,Outdoors,1.36,535,Male,31,Oriya,25.69,1080
5,Health,23.26,933,Non-binary,30,Fijian,23.92,1080
12,Sports,20.08,322,Male,34,Fijian,13.86,1080
1,Books,5.2,486,Genderfluid,34,Quechua,12.73,1080
6,Toys,23.67,685,Female,25,Guaraní,8.64,1080
4,Health,27.77,83,Female,27,Portuguese,18.74,1080
12,Clothing,29.32,368,Male,18,Nepali,9.46,1080
2,Jewelry,5.76,380,Male,36,Estonian,27.19,1080
11,Books,16.4,903,Female,34,Punjabi,27.24,1080
8,Movies,23.55,730,Genderfluid,18,Aymara,20.88,1080
2,Outdoors,0.08,173,Female,36,Bulgarian,21.94,1080
1,Industrial,3.42,575,Female,32,Hebrew,22.29,1080
3,Automotive,0.06,779,Male,32,Kazakh,3.63,1080
4,Jewelry,22.76,331,Male,34,Papiamento,2.91,1080
8,Baby,19.28,594,Female,25,Swedish,28.37,1080
1,Grocery,16.54,475,Bigender,30,Italian,4.3,1080
1,Shoes,19.41,106,Bigender,23,Irish Gaelic,26.54,1080
3,Industrial,27.71,518,Female,27,Croatian,12.1,1080
7,Movies,2.69,3,Female,35,English,7.15,1080
6,Grocery,29.45,439,Male,25,Irish Gaelic,18.59,1080
3,Grocery,24.61,166,Female,34,Estonian,3.02,1080
5,Tools,10.37,709,Bigender,18,Filipino,3.12,1080
5,Jewelry,3.47,712,Male,20,Maltese,14.37,1080
11,Home,4.3,558,Female,39,Danish,22.82,1080
4,Tools,15.48,624,Male,16,Punjabi,4.2,1080
11,Kids,27.14,452,Female,36,Hungarian,8.93,1080
3,Home,27.97,944,Male,30,Malagasy,18,1080
5,Electronics,6.29,379,Female,23,Dutch,5.76,1080
5,Sports,25.62,681,Male,18,Maltese,10.72,1080
11,Music,15.43,603,Male,40,Nepali,19.08,1080
8,Industrial,24.14,481,Female,22,Malayalam,23.18,1080
5,Automotive,22.01,493,Female,31,Hindi,7.8,1080
7,Computers,22.56,398,Female,19,Burmese,15.48,1080
4,Garden,0.41,782,Female,30,Danish,20.88,1080
2,Clothing,4.67,222,Female,21,Tswana,19.76,1080
12,Industrial,0.19,641,Female,32,Marathi,4.01,1080
2,Shoes,7.5,582,Female,31,Bengali,12.99,1080
7,Toys,1.63,485,Female,24,Indonesian,9.41,1080
4,Clothing,21.33,10,Female,30,Hindi,25.37,1080
9,Jewelry,16.3,983,Female,32,Quechua,14.93,1080
4,Garden,19.46,253,Female,23,Macedonian,19.42,1080
5,Grocery,26.68,531,Female,21,Maltese,26.08,1080
8,Shoes,15.54,542,Female,21,Malayalam,25.44,1080
8,Jewelry,4.84,469,Male,17,Haitian Creole,10.18,1080
9,Garden,20.6,837,Male,27,Lithuanian,5.67,1080
8,Baby,6.8,714,Male,37,French,26.51,1080
8,Computers,9.72,351,Male,25,Persian,19.72,1080
1,Jewelry,21.24,171,Female,35,Azeri,4.15,1080
6,Garden,5.38,367,Male,30,Khmer,0.36,1080
3,Health,27.81,212,Male,20,Marathi,21.62,1080
10,Kids,9.31,415,Male,36,Afrikaans,22.21,1080
3,Beauty,22.26,484,Female,21,Ndebele,10.91,1080
7,Home,16.25,342,Male,16,Swedish,12.82,1080
12,Shoes,1.15,311,Female,40,Georgian,5.2,1080
5,Garden,15.55,765,Male,33,West Frisian,3.08,1080
11,Garden,15.33,343,Male,34,Malay,13.36,1080
12,Jewelry,0.44,208,Female,37,Swati,0.07,1080
7,Kids,8.93,546,Female,21,Gagauz,7.64,1080
6,Beauty,11.47,616,Male,18,Burmese,5.42,1080
11,Clothing,25.93,165,Male,39,Spanish,12.1,1080
9,Outdoors,5.41,676,Female,17,Greek,18.69,1080
5,Jewelry,26.09,69,Male,20,Marathi,18.36,1080
6,Health,0.1,374,Male,40,Pashto,11.05,1080
5,Music,21.26,637,Male,24,Kashmiri,21.49,1080
11,Baby,18.5,602,Male,35,Italian,17.61,1080
2,Toys,19.01,65,Male,26,Tsonga,4.15,1080
5,Garden,13.86,74,Male,33,Dzongkha,24.68,1080
12,Health,19,868,Female,17,Lao,19.25,1080
1,Toys,9.71,954,Male,29,Amharic,8.58,1080
8,Industrial,6.46,863,Male,23,Tsonga,2.14,1080
7,Toys,14.17,740,Female,17,Montenegrin,19.04,1080
8,Jewelry,10.52,423,Male,20,Oriya,21.69,1080
4,Jewelry,18.06,72,Female,27,Afrikaans,13.25,1080
3,Computers,18.63,254,Male,31,Norwegian,7.08,1080
9,Movies,26.14,310,Female,38,Sotho,13.34,1080
12,Electronics,3.47,588,Male,31,Afrikaans,22.44,1080
12,Toys,7.55,136,Male,26,Latvian,20.37,1080
10,Movies,10.78,610,Female,27,Bengali,26.49,1080
12,Garden,14.96,228,Female,28,Irish Gaelic,22.17,1080
12,Sports,15.01,488,Female,22,Filipino,26.04,1080
6,Baby,1.27,380,Female,33,Albanian,28.92,1080
2,Industrial,10.68,495,Male,26,New Zealand Sign Language,20.34,1080
12,Automotive,8.79,311,Male,37,Hindi,4.35,1080
7,Clothing,21.31,689,Female,16,Gagauz,1.32,1080
9,Industrial,20.84,778,Male,17,Kyrgyz,16.94,1080
10,Jewelry,18.94,49,Female,26,Tok Pisin,6.32,1080
1,Books,27.14,16,Male,16,Punjabi,14.57,1080
3,Tools,25.15,803,Female,32,Dutch,15.34,1080
6,Kids,17.07,389,Polygender,19,Lao,1.37,1080
4,Baby,2.78,642,Male,20,Gujarati,3.68,1080
6,Computers,23.86,776,Male,31,Irish Gaelic,14.98,1080
7,Kids,24.91,310,Male,23,Amharic,15.37,1080
7,Music,29.72,773,Male,32,Montenegrin,24.99,1080
2,Beauty,0.22,404,Male,22,Quechua,7.4,1080
10,Shoes,28.63,976,Male,21,Gujarati,24.05,1080
7,Music,15.94,450,Male,31,Punjabi,6.73,1080
7,Movies,24.08,377,Genderfluid,20,Papiamento,15.48,1080
8,Jewelry,12.24,790,Male,34,Sotho,17.73,1080
6,Sports,15.14,561,Female,30,Burmese,4.48,1080
10,Health,24.71,759,Male,22,Marathi,8.96,1080
3,Kids,9.1,453,Male,21,Malay,11.06,1080
1,Toys,3.06,231,Female,37,Oriya,1.24,1080
5,Toys,10.89,345,Male,26,Greek,0.68,1080
6,Jewelry,26.25,465,Male,18,Hungarian,1.18,1080
10,Shoes,22.93,274,Bigender,30,Azeri,22.75,1080
3,Toys,10.08,947,Female,33,Indonesian,29.9,1080
11,Electronics,6.75,346,Male,19,Tsonga,10.03,1080
1,Movies,27.03,456,Female,30,Latvian,4.02,1080
10,Automotive,23.43,364,Male,33,Nepali,11.89,1080
12,Jewelry,16.11,360,Female,34,Kazakh,13.15,1080
8,Outdoors,26.06,867,Female,24,Northern Sotho,24.45,1080
2,Grocery,22.08,742,Male,27,Finnish,11.71,1080
6,Beauty,12.48,840,Male,34,Somali,26.88,1080
2,Grocery,12.45,452,Bigender,16,New Zealand Sign Language,0.23,1080
6,Garden,5.54,946,Female,29,Aymara,13.57,1080
8,Home,3,408,Male,38,Kannada,10.89,1080
11,Garden,22.92,531,Male,30,Aymara,20.39,1080
1,Shoes,13.38,478,Female,20,Croatian,19.61,1080
1,Games,0.97,702,Female,24,Assamese,25.8,1080
7,Toys,6.12,754,Female,32,Northern Sotho,18.48,1080
11,Books,27.53,997,Female,37,Latvian,12.83,1080
8,Jewelry,29.31,606,Female,23,Portuguese,29.26,1080
8,Clothing,16.33,18,Female,25,Arabic,6.24,1080
1,Grocery,10.48,490,Male,35,Gujarati,26.22,1080
5,Books,11,681,Male,33,Tetum,3.93,1080
9,Games,26.65,305,Male,18,Afrikaans,2.43,1080
4,Industrial,0.93,104,Female,36,Khmer,14.22,1080
4,Kids,23.83,931,Female,33,Japanese,0.81,1080
11,Music,13.45,605,Female,19,Azeri,8,1080
1,Toys,21.62,605,Male,34,Catalan,22.75,1080
11,Kids,17.19,815,Male,31,Hindi,1.32,1080
10,Games,9.89,50,Male,38,Macedonian,19.03,1080
7,Tools,19.58,948,Female,32,Spanish,28.23,1080
6,Jewelry,11.51,803,Female,34,Kyrgyz,5.85,1080
4,Books,17.03,530,Male,28,Lithuanian,21.88,1080
2,Health,0.21,791,Female,37,Lao,2.86,1080
10,Books,28.47,305,Male,33,Bosnian,14.48,1080
4,Toys,29.47,293,Male,19,Tswana,12.03,1080
